Year,Quarter,Month,Day,Count of Product ID,forecastValue,confidenceHighBound,confidenceLowBound,Earliest Date,,,,
2015,Qtr 1,January,2,1,,,,1/2/2015 0:00,,,,
2015,Qtr 1,January,3,10,,,,1/3/2015 0:00,,,,
2015,Qtr 1,January,4,4,,,,1/4/2015 0:00,,,,
2015,Qtr 1,January,6,11,,,,1/6/2015 0:00,,,,
2015,Qtr 1,January,7,3,,,,1/7/2015 0:00,,,,
2015,Qtr 1,January,8,6,,,,1/8/2015 0:00,,,,
2015,Qtr 1,January,9,5,,,,1/9/2015 0:00,,,,
2015,Qtr 1,January,10,1,,,,1/10/2015 0:00,,,,
2015,Qtr 1,January,11,17,,,,1/11/2015 0:00,,,,
2015,Qtr 1,January,12,12,,,,1/12/2015 0:00,,,,
2015,Qtr 1,January,13,11,,,,1/13/2015 0:00,,,,
2015,Qtr 1,January,14,1,,,,1/14/2015 0:00,,,,
2015,Qtr 1,January,15,1,,,,1/15/2015 0:00,,,,
2015,Qtr 1,January,16,4,,,,1/16/2015 0:00,,,,
2015,Qtr 1,January,18,1,,,,1/18/2015 0:00,,,,
2015,Qtr 1,January,19,4,,,,1/19/2015 0:00,,,,
2015,Qtr 1,January,20,17,,,,1/20/2015 0:00,,,,
2015,Qtr 1,January,23,1,,,,1/23/2015 0:00,,,,
2015,Qtr 1,January,26,9,,,,1/26/2015 0:00,,,,
2015,Qtr 1,January,27,3,,,,1/27/2015 0:00,,,,
2015,Qtr 1,January,28,1,,,,1/28/2015 0:00,,,,
2015,Qtr 1,January,30,2,,,,1/30/2015 0:00,,,,
2015,Qtr 1,January,31,1,,,,1/31/2015 0:00,,,,
2015,Qtr 1,February,2,3,,,,2/2/2015 0:00,,,,
2015,Qtr 1,February,3,2,,,,2/3/2015 0:00,,,,
2015,Qtr 1,February,4,6,,,,2/4/2015 0:00,,,,
2015,Qtr 1,February,5,2,,,,2/5/2015 0:00,,,,
2015,Qtr 1,February,6,5,,,,2/6/2015 0:00,,,,
2015,Qtr 1,February,7,2,,,,2/7/2015 0:00,,,,
2015,Qtr 1,February,8,3,,,,2/8/2015 0:00,,,,
2015,Qtr 1,February,9,9,,,,2/9/2015 0:00,,,,
2015,Qtr 1,February,10,7,,,,2/10/2015 0:00,,,,
2015,Qtr 1,February,11,11,,,,2/11/2015 0:00,,,,
2015,Qtr 1,February,12,14,,,,2/12/2015 0:00,,,,
2015,Qtr 1,February,14,4,,,,2/14/2015 0:00,,,,
2015,Qtr 1,February,15,1,,,,2/15/2015 0:00,,,,
2015,Qtr 1,February,16,2,,,,2/16/2015 0:00,,,,
2015,Qtr 1,February,17,1,,,,2/17/2015 0:00,,,,
2015,Qtr 1,February,18,2,,,,2/18/2015 0:00,,,,
2015,Qtr 1,February,20,3,,,,2/20/2015 0:00,,,,
2015,Qtr 1,February,21,1,,,,2/21/2015 0:00,,,,
2015,Qtr 1,February,22,1,,,,2/22/2015 0:00,,,,
2015,Qtr 1,February,23,2,,,,2/23/2015 0:00,,,,
2015,Qtr 1,February,24,2,,,,2/24/2015 0:00,,,,
2015,Qtr 1,February,27,1,,,,2/27/2015 0:00,,,,
2015,Qtr 1,March,1,1,,,,3/1/2015 0:00,,,,
2015,Qtr 1,March,2,2,,,,3/2/2015 0:00,,,,
2015,Qtr 1,March,3,9,,,,3/3/2015 0:00,,,,
2015,Qtr 1,March,5,3,,,,3/5/2015 0:00,,,,
2015,Qtr 1,March,6,2,,,,3/6/2015 0:00,,,,
2015,Qtr 1,March,8,6,,,,3/8/2015 0:00,,,,
2015,Qtr 1,March,9,2,,,,3/9/2015 0:00,,,,
2015,Qtr 1,March,10,13,,,,3/10/2015 0:00,,,,
2015,Qtr 1,March,11,14,,,,3/11/2015 0:00,,,,
2015,Qtr 1,March,12,2,,,,3/12/2015 0:00,,,,
2015,Qtr 1,March,14,11,,,,3/14/2015 0:00,,,,
2015,Qtr 1,March,15,5,,,,3/15/2015 0:00,,,,
2015,Qtr 1,March,16,1,,,,3/16/2015 0:00,,,,
2015,Qtr 1,March,17,19,,,,3/17/2015 0:00,,,,
2015,Qtr 1,March,18,11,,,,3/18/2015 0:00,,,,
2015,Qtr 1,March,19,7,,,,3/19/2015 0:00,,,,
2015,Qtr 1,March,21,11,,,,3/21/2015 0:00,,,,
2015,Qtr 1,March,22,5,,,,3/22/2015 0:00,,,,
2015,Qtr 1,March,23,3,,,,3/23/2015 0:00,,,,
2015,Qtr 1,March,24,2,,,,3/24/2015 0:00,,,,
2015,Qtr 1,March,25,5,,,,3/25/2015 0:00,,,,
2015,Qtr 1,March,26,5,,,,3/26/2015 0:00,,,,
2015,Qtr 1,March,28,3,,,,3/28/2015 0:00,,,,
2015,Qtr 1,March,29,1,,,,3/29/2015 0:00,,,,
2015,Qtr 1,March,30,9,,,,3/30/2015 0:00,,,,
2015,Qtr 1,March,31,9,,,,3/31/2015 0:00,,,,
2015,Qtr 2,April,1,3,,,,4/1/2015 0:00,,,,
2015,Qtr 2,April,2,3,,,,4/2/2015 0:00,,,,
2015,Qtr 2,April,3,2,,,,4/3/2015 0:00,,,,
2015,Qtr 2,April,4,8,,,,4/4/2015 0:00,,,,
2015,Qtr 2,April,5,6,,,,4/5/2015 0:00,,,,
2015,Qtr 2,April,6,5,,,,4/6/2015 0:00,,,,
2015,Qtr 2,April,7,4,,,,4/7/2015 0:00,,,,
2015,Qtr 2,April,8,9,,,,4/8/2015 0:00,,,,
2015,Qtr 2,April,10,4,,,,4/10/2015 0:00,,,,
2015,Qtr 2,April,11,15,,,,4/11/2015 0:00,,,,
2015,Qtr 2,April,12,1,,,,4/12/2015 0:00,,,,
2015,Qtr 2,April,13,5,,,,4/13/2015 0:00,,,,
2015,Qtr 2,April,15,2,,,,4/15/2015 0:00,,,,
2015,Qtr 2,April,16,1,,,,4/16/2015 0:00,,,,
2015,Qtr 2,April,18,8,,,,4/18/2015 0:00,,,,
2015,Qtr 2,April,19,3,,,,4/19/2015 0:00,,,,
2015,Qtr 2,April,20,4,,,,4/20/2015 0:00,,,,
2015,Qtr 2,April,21,2,,,,4/21/2015 0:00,,,,
2015,Qtr 2,April,22,2,,,,4/22/2015 0:00,,,,
2015,Qtr 2,April,23,6,,,,4/23/2015 0:00,,,,
2015,Qtr 2,April,25,6,,,,4/25/2015 0:00,,,,
2015,Qtr 2,April,26,4,,,,4/26/2015 0:00,,,,
2015,Qtr 2,April,28,9,,,,4/28/2015 0:00,,,,
2015,Qtr 2,April,29,6,,,,4/29/2015 0:00,,,,
2015,Qtr 2,April,30,3,,,,4/30/2015 0:00,,,,
2015,Qtr 2,May,1,1,,,,5/1/2015 0:00,,,,
2015,Qtr 2,May,3,5,,,,5/3/2015 0:00,,,,
2015,Qtr 2,May,4,12,,,,5/4/2015 0:00,,,,
2015,Qtr 2,May,5,7,,,,5/5/2015 0:00,,,,
2015,Qtr 2,May,7,10,,,,5/7/2015 0:00,,,,
2015,Qtr 2,May,8,12,,,,5/8/2015 0:00,,,,
2015,Qtr 2,May,9,2,,,,5/9/2015 0:00,,,,
2015,Qtr 2,May,10,2,,,,5/10/2015 0:00,,,,
2015,Qtr 2,May,11,8,,,,5/11/2015 0:00,,,,
2015,Qtr 2,May,12,16,,,,5/12/2015 0:00,,,,
2015,Qtr 2,May,13,6,,,,5/13/2015 0:00,,,,
2015,Qtr 2,May,14,1,,,,5/14/2015 0:00,,,,
2015,Qtr 2,May,16,2,,,,5/16/2015 0:00,,,,
2015,Qtr 2,May,17,1,,,,5/17/2015 0:00,,,,
2015,Qtr 2,May,18,3,,,,5/18/2015 0:00,,,,
2015,Qtr 2,May,19,2,,,,5/19/2015 0:00,,,,
2015,Qtr 2,May,20,7,,,,5/20/2015 0:00,,,,
2015,Qtr 2,May,21,10,,,,5/21/2015 0:00,,,,
2015,Qtr 2,May,22,2,,,,5/22/2015 0:00,,,,
2015,Qtr 2,May,23,7,,,,5/23/2015 0:00,,,,
2015,Qtr 2,May,24,1,,,,5/24/2015 0:00,,,,
2015,Qtr 2,May,25,3,,,,5/25/2015 0:00,,,,
2015,Qtr 2,May,26,8,,,,5/26/2015 0:00,,,,
2015,Qtr 2,May,27,5,,,,5/27/2015 0:00,,,,
2015,Qtr 2,May,28,3,,,,5/28/2015 0:00,,,,
2015,Qtr 2,May,30,8,,,,5/30/2015 0:00,,,,
2015,Qtr 2,May,31,2,,,,5/31/2015 0:00,,,,
2015,Qtr 2,June,1,9,,,,6/1/2015 0:00,,,,
2015,Qtr 2,June,2,4,,,,6/2/2015 0:00,,,,
2015,Qtr 2,June,4,13,,,,6/4/2015 0:00,,,,
2015,Qtr 2,June,5,3,,,,6/5/2015 0:00,,,,
2015,Qtr 2,June,6,9,,,,6/6/2015 0:00,,,,
2015,Qtr 2,June,7,2,,,,6/7/2015 0:00,,,,
2015,Qtr 2,June,8,2,,,,6/8/2015 0:00,,,,
2015,Qtr 2,June,9,2,,,,6/9/2015 0:00,,,,
2015,Qtr 2,June,10,4,,,,6/10/2015 0:00,,,,
2015,Qtr 2,June,12,11,,,,6/12/2015 0:00,,,,
2015,Qtr 2,June,13,1,,,,6/13/2015 0:00,,,,
2015,Qtr 2,June,14,1,,,,6/14/2015 0:00,,,,
2015,Qtr 2,June,15,4,,,,6/15/2015 0:00,,,,
2015,Qtr 2,June,16,4,,,,6/16/2015 0:00,,,,
2015,Qtr 2,June,17,4,,,,6/17/2015 0:00,,,,
2015,Qtr 2,June,18,1,,,,6/18/2015 0:00,,,,
2015,Qtr 2,June,20,9,,,,6/20/2015 0:00,,,,
2015,Qtr 2,June,21,18,,,,6/21/2015 0:00,,,,
2015,Qtr 2,June,22,7,,,,6/22/2015 0:00,,,,
2015,Qtr 2,June,23,3,,,,6/23/2015 0:00,,,,
2015,Qtr 2,June,24,1,,,,6/24/2015 0:00,,,,
2015,Qtr 2,June,25,4,,,,6/25/2015 0:00,,,,
2015,Qtr 2,June,27,3,,,,6/27/2015 0:00,,,,
2015,Qtr 2,June,28,6,,,,6/28/2015 0:00,,,,
2015,Qtr 2,June,29,2,,,,6/29/2015 0:00,,,,
2015,Qtr 2,June,30,8,,,,6/30/2015 0:00,,,,
2015,Qtr 3,July,1,2,,,,7/1/2015 0:00,,,,
2015,Qtr 3,July,2,2,,,,7/2/2015 0:00,,,,
2015,Qtr 3,July,3,8,,,,7/3/2015 0:00,,,,
2015,Qtr 3,July,4,5,,,,7/4/2015 0:00,,,,
2015,Qtr 3,July,5,4,,,,7/5/2015 0:00,,,,
2015,Qtr 3,July,6,2,,,,7/6/2015 0:00,,,,
2015,Qtr 3,July,7,2,,,,7/7/2015 0:00,,,,
2015,Qtr 3,July,9,25,,,,7/9/2015 0:00,,,,
2015,Qtr 3,July,10,2,,,,7/10/2015 0:00,,,,
2015,Qtr 3,July,11,12,,,,7/11/2015 0:00,,,,
2015,Qtr 3,July,12,4,,,,7/12/2015 0:00,,,,
2015,Qtr 3,July,13,1,,,,7/13/2015 0:00,,,,
2015,Qtr 3,July,14,9,,,,7/14/2015 0:00,,,,
2015,Qtr 3,July,15,2,,,,7/15/2015 0:00,,,,
2015,Qtr 3,July,18,2,,,,7/18/2015 0:00,,,,
2015,Qtr 3,July,19,5,,,,7/19/2015 0:00,,,,
2015,Qtr 3,July,20,15,,,,7/20/2015 0:00,,,,
2015,Qtr 3,July,21,8,,,,7/21/2015 0:00,,,,
2015,Qtr 3,July,22,8,,,,7/22/2015 0:00,,,,
2015,Qtr 3,July,23,9,,,,7/23/2015 0:00,,,,
2015,Qtr 3,July,25,5,,,,7/25/2015 0:00,,,,
2015,Qtr 3,July,26,15,,,,7/26/2015 0:00,,,,
2015,Qtr 3,July,27,3,,,,7/27/2015 0:00,,,,
2015,Qtr 3,July,28,3,,,,7/28/2015 0:00,,,,
2015,Qtr 3,July,30,1,,,,7/30/2015 0:00,,,,
2015,Qtr 3,August,2,1,,,,8/2/2015 0:00,,,,
2015,Qtr 3,August,4,7,,,,8/4/2015 0:00,,,,
2015,Qtr 3,August,5,1,,,,8/5/2015 0:00,,,,
2015,Qtr 3,August,6,4,,,,8/6/2015 0:00,,,,
2015,Qtr 3,August,7,3,,,,8/7/2015 0:00,,,,
2015,Qtr 3,August,8,13,,,,8/8/2015 0:00,,,,
2015,Qtr 3,August,9,27,,,,8/9/2015 0:00,,,,
2015,Qtr 3,August,10,2,,,,8/10/2015 0:00,,,,
2015,Qtr 3,August,11,1,,,,8/11/2015 0:00,,,,
2015,Qtr 3,August,12,13,,,,8/12/2015 0:00,,,,
2015,Qtr 3,August,15,4,,,,8/15/2015 0:00,,,,
2015,Qtr 3,August,16,1,,,,8/16/2015 0:00,,,,
2015,Qtr 3,August,17,5,,,,8/17/2015 0:00,,,,
2015,Qtr 3,August,19,7,,,,8/19/2015 0:00,,,,
2015,Qtr 3,August,20,4,,,,8/20/2015 0:00,,,,
2015,Qtr 3,August,22,3,,,,8/22/2015 0:00,,,,
2015,Qtr 3,August,23,10,,,,8/23/2015 0:00,,,,
2015,Qtr 3,August,24,4,,,,8/24/2015 0:00,,,,
2015,Qtr 3,August,25,14,,,,8/25/2015 0:00,,,,
2015,Qtr 3,August,26,6,,,,8/26/2015 0:00,,,,
2015,Qtr 3,August,27,7,,,,8/27/2015 0:00,,,,
2015,Qtr 3,August,29,5,,,,8/29/2015 0:00,,,,
2015,Qtr 3,August,30,2,,,,8/30/2015 0:00,,,,
2015,Qtr 3,August,31,1,,,,8/31/2015 0:00,,,,
2015,Qtr 3,September,1,2,,,,9/1/2015 0:00,,,,
2015,Qtr 3,September,5,6,,,,9/5/2015 0:00,,,,
2015,Qtr 3,September,6,16,,,,9/6/2015 0:00,,,,
2015,Qtr 3,September,7,9,,,,9/7/2015 0:00,,,,
2015,Qtr 3,September,8,9,,,,9/8/2015 0:00,,,,
2015,Qtr 3,September,9,13,,,,9/9/2015 0:00,,,,
2015,Qtr 3,September,10,3,,,,9/10/2015 0:00,,,,
2015,Qtr 3,September,11,7,,,,9/11/2015 0:00,,,,
2015,Qtr 3,September,12,8,,,,9/12/2015 0:00,,,,
2015,Qtr 3,September,13,15,,,,9/13/2015 0:00,,,,
2015,Qtr 3,September,14,19,,,,9/14/2015 0:00,,,,
2015,Qtr 3,September,15,3,,,,9/15/2015 0:00,,,,
2015,Qtr 3,September,16,1,,,,9/16/2015 0:00,,,,
2015,Qtr 3,September,17,14,,,,9/17/2015 0:00,,,,
2015,Qtr 3,September,19,9,,,,9/19/2015 0:00,,,,
2015,Qtr 3,September,20,18,,,,9/20/2015 0:00,,,,
2015,Qtr 3,September,21,16,,,,9/21/2015 0:00,,,,
2015,Qtr 3,September,22,8,,,,9/22/2015 0:00,,,,
2015,Qtr 3,September,23,12,,,,9/23/2015 0:00,,,,
2015,Qtr 3,September,24,1,,,,9/24/2015 0:00,,,,
2015,Qtr 3,September,25,5,,,,9/25/2015 0:00,,,,
2015,Qtr 3,September,26,12,,,,9/26/2015 0:00,,,,
2015,Qtr 3,September,27,3,,,,9/27/2015 0:00,,,,
2015,Qtr 3,September,28,4,,,,9/28/2015 0:00,,,,
2015,Qtr 3,September,29,19,,,,9/29/2015 0:00,,,,
2015,Qtr 3,September,30,6,,,,9/30/2015 0:00,,,,
2015,Qtr 4,October,1,2,,,,10/1/2015 0:00,,,,
2015,Qtr 4,October,3,3,,,,10/3/2015 0:00,,,,
2015,Qtr 4,October,5,8,,,,10/5/2015 0:00,,,,
2015,Qtr 4,October,6,1,,,,10/6/2015 0:00,,,,
2015,Qtr 4,October,9,5,,,,10/9/2015 0:00,,,,
2015,Qtr 4,October,10,10,,,,10/10/2015 0:00,,,,
2015,Qtr 4,October,11,12,,,,10/11/2015 0:00,,,,
2015,Qtr 4,October,12,5,,,,10/12/2015 0:00,,,,
2015,Qtr 4,October,13,11,,,,10/13/2015 0:00,,,,
2015,Qtr 4,October,14,10,,,,10/14/2015 0:00,,,,
2015,Qtr 4,October,15,3,,,,10/15/2015 0:00,,,,
2015,Qtr 4,October,16,2,,,,10/16/2015 0:00,,,,
2015,Qtr 4,October,17,3,,,,10/17/2015 0:00,,,,
2015,Qtr 4,October,18,9,,,,10/18/2015 0:00,,,,
2015,Qtr 4,October,19,7,,,,10/19/2015 0:00,,,,
2015,Qtr 4,October,20,8,,,,10/20/2015 0:00,,,,
2015,Qtr 4,October,21,6,,,,10/21/2015 0:00,,,,
2015,Qtr 4,October,22,2,,,,10/22/2015 0:00,,,,
2015,Qtr 4,October,24,3,,,,10/24/2015 0:00,,,,
2015,Qtr 4,October,25,3,,,,10/25/2015 0:00,,,,
2015,Qtr 4,October,26,2,,,,10/26/2015 0:00,,,,
2015,Qtr 4,October,27,2,,,,10/27/2015 0:00,,,,
2015,Qtr 4,October,28,6,,,,10/28/2015 0:00,,,,
2015,Qtr 4,October,29,3,,,,10/29/2015 0:00,,,,
2015,Qtr 4,October,31,19,,,,10/31/2015 0:00,,,,
2015,Qtr 4,November,1,1,,,,11/1/2015 0:00,,,,
2015,Qtr 4,November,2,9,,,,11/2/2015 0:00,,,,
2015,Qtr 4,November,3,8,,,,11/3/2015 0:00,,,,
2015,Qtr 4,November,4,9,,,,11/4/2015 0:00,,,,
2015,Qtr 4,November,5,8,,,,11/5/2015 0:00,,,,
2015,Qtr 4,November,7,9,,,,11/7/2015 0:00,,,,
2015,Qtr 4,November,8,4,,,,11/8/2015 0:00,,,,
2015,Qtr 4,November,9,1,,,,11/9/2015 0:00,,,,
2015,Qtr 4,November,10,9,,,,11/10/2015 0:00,,,,
2015,Qtr 4,November,11,23,,,,11/11/2015 0:00,,,,
2015,Qtr 4,November,14,8,,,,11/14/2015 0:00,,,,
2015,Qtr 4,November,15,8,,,,11/15/2015 0:00,,,,
2015,Qtr 4,November,16,10,,,,11/16/2015 0:00,,,,
2015,Qtr 4,November,17,13,,,,11/17/2015 0:00,,,,
2015,Qtr 4,November,18,20,,,,11/18/2015 0:00,,,,
2015,Qtr 4,November,19,13,,,,11/19/2015 0:00,,,,
2015,Qtr 4,November,20,4,,,,11/20/2015 0:00,,,,
2015,Qtr 4,November,21,9,,,,11/21/2015 0:00,,,,
2015,Qtr 4,November,22,8,,,,11/22/2015 0:00,,,,
2015,Qtr 4,November,23,12,,,,11/23/2015 0:00,,,,
2015,Qtr 4,November,24,18,,,,11/24/2015 0:00,,,,
2015,Qtr 4,November,25,16,,,,11/25/2015 0:00,,,,
2015,Qtr 4,November,26,14,,,,11/26/2015 0:00,,,,
2015,Qtr 4,November,27,2,,,,11/27/2015 0:00,,,,
2015,Qtr 4,November,28,13,,,,11/28/2015 0:00,,,,
2015,Qtr 4,November,29,5,,,,11/29/2015 0:00,,,,
2015,Qtr 4,November,30,4,,,,11/30/2015 0:00,,,,
2015,Qtr 4,December,2,1,,,,12/2/2015 0:00,,,,
2015,Qtr 4,December,4,5,,,,12/4/2015 0:00,,,,
2015,Qtr 4,December,5,2,,,,12/5/2015 0:00,,,,
2015,Qtr 4,December,7,12,,,,12/7/2015 0:00,,,,
2015,Qtr 4,December,8,9,,,,12/8/2015 0:00,,,,
2015,Qtr 4,December,9,11,,,,12/9/2015 0:00,,,,
2015,Qtr 4,December,10,3,,,,12/10/2015 0:00,,,,
2015,Qtr 4,December,11,9,,,,12/11/2015 0:00,,,,
2015,Qtr 4,December,12,9,,,,12/12/2015 0:00,,,,
2015,Qtr 4,December,13,6,,,,12/13/2015 0:00,,,,
2015,Qtr 4,December,14,9,,,,12/14/2015 0:00,,,,
2015,Qtr 4,December,15,5,,,,12/15/2015 0:00,,,,
2015,Qtr 4,December,16,13,,,,12/16/2015 0:00,,,,
2015,Qtr 4,December,17,2,,,,12/17/2015 0:00,,,,
2015,Qtr 4,December,19,12,,,,12/19/2015 0:00,,,,
2015,Qtr 4,December,20,24,,,,12/20/2015 0:00,,,,
2015,Qtr 4,December,21,4,,,,12/21/2015 0:00,,,,
2015,Qtr 4,December,22,6,,,,12/22/2015 0:00,,,,
2015,Qtr 4,December,23,9,,,,12/23/2015 0:00,,,,
2015,Qtr 4,December,24,11,,,,12/24/2015 0:00,,,,
2015,Qtr 4,December,26,15,,,,12/26/2015 0:00,,,,
2015,Qtr 4,December,27,16,,,,12/27/2015 0:00,,,,
2015,Qtr 4,December,28,4,,,,12/28/2015 0:00,,,,
2015,Qtr 4,December,29,16,,,,12/29/2015 0:00,,,,
2015,Qtr 4,December,30,13,,,,12/30/2015 0:00,,,,
2015,Qtr 4,December,31,14,,,,12/31/2015 0:00,,,,
2016,Qtr 1,January,3,7,,,,1/3/2016 0:00,,,,
2016,Qtr 1,January,5,7,,,,1/5/2016 0:00,,,,
2016,Qtr 1,January,6,7,,,,1/6/2016 0:00,,,,
2016,Qtr 1,January,8,2,,,,1/8/2016 0:00,,,,
2016,Qtr 1,January,9,7,,,,1/9/2016 0:00,,,,
2016,Qtr 1,January,10,6,,,,1/10/2016 0:00,,,,
2016,Qtr 1,January,11,12,,,,1/11/2016 0:00,,,,
2016,Qtr 1,January,12,14,,,,1/12/2016 0:00,,,,
2016,Qtr 1,January,13,4,,,,1/13/2016 0:00,,,,
2016,Qtr 1,January,17,3,,,,1/17/2016 0:00,,,,
2016,Qtr 1,January,19,2,,,,1/19/2016 0:00,,,,
2016,Qtr 1,January,23,2,,,,1/23/2016 0:00,,,,
2016,Qtr 1,January,24,1,,,,1/24/2016 0:00,,,,
2016,Qtr 1,January,26,1,,,,1/26/2016 0:00,,,,
2016,Qtr 1,January,27,4,,,,1/27/2016 0:00,,,,
2016,Qtr 1,January,28,1,,,,1/28/2016 0:00,,,,
2016,Qtr 1,January,30,3,,,,1/30/2016 0:00,,,,
2016,Qtr 1,January,31,3,,,,1/31/2016 0:00,,,,
2016,Qtr 1,February,1,8,,,,2/1/2016 0:00,,,,
2016,Qtr 1,February,3,3,,,,2/3/2016 0:00,,,,
2016,Qtr 1,February,4,6,,,,2/4/2016 0:00,,,,
2016,Qtr 1,February,5,2,,,,2/5/2016 0:00,,,,
2016,Qtr 1,February,7,13,,,,2/7/2016 0:00,,,,
2016,Qtr 1,February,8,7,,,,2/8/2016 0:00,,,,
2016,Qtr 1,February,10,15,,,,2/10/2016 0:00,,,,
2016,Qtr 1,February,11,11,,,,2/11/2016 0:00,,,,
2016,Qtr 1,February,14,7,,,,2/14/2016 0:00,,,,
2016,Qtr 1,February,15,8,,,,2/15/2016 0:00,,,,
2016,Qtr 1,February,16,3,,,,2/16/2016 0:00,,,,
2016,Qtr 1,February,18,3,,,,2/18/2016 0:00,,,,
2016,Qtr 1,February,20,2,,,,2/20/2016 0:00,,,,
2016,Qtr 1,February,21,2,,,,2/21/2016 0:00,,,,
2016,Qtr 1,February,22,1,,,,2/22/2016 0:00,,,,
2016,Qtr 1,February,23,2,,,,2/23/2016 0:00,,,,
2016,Qtr 1,February,25,2,,,,2/25/2016 0:00,,,,
2016,Qtr 1,February,27,5,,,,2/27/2016 0:00,,,,
2016,Qtr 1,February,28,2,,,,2/28/2016 0:00,,,,
2016,Qtr 1,March,1,4,,,,3/1/2016 0:00,,,,
2016,Qtr 1,March,2,6,,,,3/2/2016 0:00,,,,
2016,Qtr 1,March,5,13,,,,3/5/2016 0:00,,,,
2016,Qtr 1,March,7,5,,,,3/7/2016 0:00,,,,
2016,Qtr 1,March,9,14,,,,3/9/2016 0:00,,,,
2016,Qtr 1,March,10,6,,,,3/10/2016 0:00,,,,
2016,Qtr 1,March,11,5,,,,3/11/2016 0:00,,,,
2016,Qtr 1,March,12,12,,,,3/12/2016 0:00,,,,
2016,Qtr 1,March,13,3,,,,3/13/2016 0:00,,,,
2016,Qtr 1,March,14,3,,,,3/14/2016 0:00,,,,
2016,Qtr 1,March,15,1,,,,3/15/2016 0:00,,,,
2016,Qtr 1,March,16,10,,,,3/16/2016 0:00,,,,
2016,Qtr 1,March,17,2,,,,3/17/2016 0:00,,,,
2016,Qtr 1,March,19,11,,,,3/19/2016 0:00,,,,
2016,Qtr 1,March,20,4,,,,3/20/2016 0:00,,,,
2016,Qtr 1,March,21,3,,,,3/21/2016 0:00,,,,
2016,Qtr 1,March,22,10,,,,3/22/2016 0:00,,,,
2016,Qtr 1,March,23,6,,,,3/23/2016 0:00,,,,
2016,Qtr 1,March,24,3,,,,3/24/2016 0:00,,,,
2016,Qtr 1,March,26,3,,,,3/26/2016 0:00,,,,
2016,Qtr 1,March,27,1,,,,3/27/2016 0:00,,,,
2016,Qtr 1,March,28,5,,,,3/28/2016 0:00,,,,
2016,Qtr 1,March,29,8,,,,3/29/2016 0:00,,,,
2016,Qtr 1,March,30,3,,,,3/30/2016 0:00,,,,
2016,Qtr 1,March,31,3,,,,3/31/2016 0:00,,,,
2016,Qtr 2,April,1,3,,,,4/1/2016 0:00,,,,
2016,Qtr 2,April,4,9,,,,4/4/2016 0:00,,,,
2016,Qtr 2,April,5,4,,,,4/5/2016 0:00,,,,
2016,Qtr 2,April,6,6,,,,4/6/2016 0:00,,,,
2016,Qtr 2,April,7,3,,,,4/7/2016 0:00,,,,
2016,Qtr 2,April,9,7,,,,4/9/2016 0:00,,,,
2016,Qtr 2,April,10,4,,,,4/10/2016 0:00,,,,
2016,Qtr 2,April,12,16,,,,4/12/2016 0:00,,,,
2016,Qtr 2,April,13,15,,,,4/13/2016 0:00,,,,
2016,Qtr 2,April,14,1,,,,4/14/2016 0:00,,,,
2016,Qtr 2,April,16,14,,,,4/16/2016 0:00,,,,
2016,Qtr 2,April,17,8,,,,4/17/2016 0:00,,,,
2016,Qtr 2,April,18,18,,,,4/18/2016 0:00,,,,
2016,Qtr 2,April,19,2,,,,4/19/2016 0:00,,,,
2016,Qtr 2,April,20,5,,,,4/20/2016 0:00,,,,
2016,Qtr 2,April,21,4,,,,4/21/2016 0:00,,,,
2016,Qtr 2,April,22,2,,,,4/22/2016 0:00,,,,
2016,Qtr 2,April,24,1,,,,4/24/2016 0:00,,,,
2016,Qtr 2,April,25,7,,,,4/25/2016 0:00,,,,
2016,Qtr 2,April,26,10,,,,4/26/2016 0:00,,,,
2016,Qtr 2,April,27,5,,,,4/27/2016 0:00,,,,
2016,Qtr 2,April,28,5,,,,4/28/2016 0:00,,,,
2016,Qtr 2,April,29,1,,,,4/29/2016 0:00,,,,
2016,Qtr 2,April,30,9,,,,4/30/2016 0:00,,,,
2016,Qtr 2,May,1,6,,,,5/1/2016 0:00,,,,
2016,Qtr 2,May,3,16,,,,5/3/2016 0:00,,,,
2016,Qtr 2,May,4,13,,,,5/4/2016 0:00,,,,
2016,Qtr 2,May,6,2,,,,5/6/2016 0:00,,,,
2016,Qtr 2,May,7,7,,,,5/7/2016 0:00,,,,
2016,Qtr 2,May,8,4,,,,5/8/2016 0:00,,,,
2016,Qtr 2,May,9,9,,,,5/9/2016 0:00,,,,
2016,Qtr 2,May,10,7,,,,5/10/2016 0:00,,,,
2016,Qtr 2,May,11,8,,,,5/11/2016 0:00,,,,
2016,Qtr 2,May,12,12,,,,5/12/2016 0:00,,,,
2016,Qtr 2,May,13,2,,,,5/13/2016 0:00,,,,
2016,Qtr 2,May,14,12,,,,5/14/2016 0:00,,,,
2016,Qtr 2,May,15,2,,,,5/15/2016 0:00,,,,
2016,Qtr 2,May,16,1,,,,5/16/2016 0:00,,,,
2016,Qtr 2,May,17,2,,,,5/17/2016 0:00,,,,
2016,Qtr 2,May,18,1,,,,5/18/2016 0:00,,,,
2016,Qtr 2,May,20,2,,,,5/20/2016 0:00,,,,
2016,Qtr 2,May,21,3,,,,5/21/2016 0:00,,,,
2016,Qtr 2,May,22,4,,,,5/22/2016 0:00,,,,
2016,Qtr 2,May,23,6,,,,5/23/2016 0:00,,,,
2016,Qtr 2,May,24,2,,,,5/24/2016 0:00,,,,
2016,Qtr 2,May,25,8,,,,5/25/2016 0:00,,,,
2016,Qtr 2,May,26,8,,,,5/26/2016 0:00,,,,
2016,Qtr 2,May,28,9,,,,5/28/2016 0:00,,,,
2016,Qtr 2,May,29,7,,,,5/29/2016 0:00,,,,
2016,Qtr 2,May,30,4,,,,5/30/2016 0:00,,,,
2016,Qtr 2,May,31,17,,,,5/31/2016 0:00,,,,
2016,Qtr 2,June,1,2,,,,6/1/2016 0:00,,,,
2016,Qtr 2,June,2,9,,,,6/2/2016 0:00,,,,
2016,Qtr 2,June,3,2,,,,6/3/2016 0:00,,,,
2016,Qtr 2,June,4,6,,,,6/4/2016 0:00,,,,
2016,Qtr 2,June,7,7,,,,6/7/2016 0:00,,,,
2016,Qtr 2,June,8,5,,,,6/8/2016 0:00,,,,
2016,Qtr 2,June,9,9,,,,6/9/2016 0:00,,,,
2016,Qtr 2,June,11,2,,,,6/11/2016 0:00,,,,
2016,Qtr 2,June,12,24,,,,6/12/2016 0:00,,,,
2016,Qtr 2,June,13,10,,,,6/13/2016 0:00,,,,
2016,Qtr 2,June,14,1,,,,6/14/2016 0:00,,,,
2016,Qtr 2,June,15,6,,,,6/15/2016 0:00,,,,
2016,Qtr 2,June,16,6,,,,6/16/2016 0:00,,,,
2016,Qtr 2,June,18,14,,,,6/18/2016 0:00,,,,
2016,Qtr 2,June,19,6,,,,6/19/2016 0:00,,,,
2016,Qtr 2,June,20,4,,,,6/20/2016 0:00,,,,
2016,Qtr 2,June,21,1,,,,6/21/2016 0:00,,,,
2016,Qtr 2,June,22,3,,,,6/22/2016 0:00,,,,
2016,Qtr 2,June,23,7,,,,6/23/2016 0:00,,,,
2016,Qtr 2,June,25,10,,,,6/25/2016 0:00,,,,
2016,Qtr 2,June,26,7,,,,6/26/2016 0:00,,,,
2016,Qtr 2,June,28,4,,,,6/28/2016 0:00,,,,
2016,Qtr 2,June,29,4,,,,6/29/2016 0:00,,,,
2016,Qtr 3,July,2,2,,,,7/2/2016 0:00,,,,
2016,Qtr 3,July,3,4,,,,7/3/2016 0:00,,,,
2016,Qtr 3,July,4,5,,,,7/4/2016 0:00,,,,
2016,Qtr 3,July,5,3,,,,7/5/2016 0:00,,,,
2016,Qtr 3,July,6,4,,,,7/6/2016 0:00,,,,
2016,Qtr 3,July,8,8,,,,7/8/2016 0:00,,,,
2016,Qtr 3,July,9,14,,,,7/9/2016 0:00,,,,
2016,Qtr 3,July,11,14,,,,7/11/2016 0:00,,,,
2016,Qtr 3,July,12,9,,,,7/12/2016 0:00,,,,
2016,Qtr 3,July,13,5,,,,7/13/2016 0:00,,,,
2016,Qtr 3,July,14,4,,,,7/14/2016 0:00,,,,
2016,Qtr 3,July,16,7,,,,7/16/2016 0:00,,,,
2016,Qtr 3,July,17,4,,,,7/17/2016 0:00,,,,
2016,Qtr 3,July,18,2,,,,7/18/2016 0:00,,,,
2016,Qtr 3,July,19,1,,,,7/19/2016 0:00,,,,
2016,Qtr 3,July,20,10,,,,7/20/2016 0:00,,,,
2016,Qtr 3,July,23,3,,,,7/23/2016 0:00,,,,
2016,Qtr 3,July,24,4,,,,7/24/2016 0:00,,,,
2016,Qtr 3,July,25,8,,,,7/25/2016 0:00,,,,
2016,Qtr 3,July,26,6,,,,7/26/2016 0:00,,,,
2016,Qtr 3,July,27,1,,,,7/27/2016 0:00,,,,
2016,Qtr 3,July,30,5,,,,7/30/2016 0:00,,,,
2016,Qtr 3,July,31,5,,,,7/31/2016 0:00,,,,
2016,Qtr 3,August,2,4,,,,8/2/2016 0:00,,,,
2016,Qtr 3,August,3,8,,,,8/3/2016 0:00,,,,
2016,Qtr 3,August,5,11,,,,8/5/2016 0:00,,,,
2016,Qtr 3,August,6,2,,,,8/6/2016 0:00,,,,
2016,Qtr 3,August,7,1,,,,8/7/2016 0:00,,,,
2016,Qtr 3,August,8,6,,,,8/8/2016 0:00,,,,
2016,Qtr 3,August,9,3,,,,8/9/2016 0:00,,,,
2016,Qtr 3,August,10,3,,,,8/10/2016 0:00,,,,
2016,Qtr 3,August,11,27,,,,8/11/2016 0:00,,,,
2016,Qtr 3,August,12,6,,,,8/12/2016 0:00,,,,
2016,Qtr 3,August,13,6,,,,8/13/2016 0:00,,,,
2016,Qtr 3,August,15,3,,,,8/15/2016 0:00,,,,
2016,Qtr 3,August,16,13,,,,8/16/2016 0:00,,,,
2016,Qtr 3,August,17,5,,,,8/17/2016 0:00,,,,
2016,Qtr 3,August,21,16,,,,8/21/2016 0:00,,,,
2016,Qtr 3,August,22,2,,,,8/22/2016 0:00,,,,
2016,Qtr 3,August,23,11,,,,8/23/2016 0:00,,,,
2016,Qtr 3,August,24,14,,,,8/24/2016 0:00,,,,
2016,Qtr 3,August,25,5,,,,8/25/2016 0:00,,,,
2016,Qtr 3,August,27,5,,,,8/27/2016 0:00,,,,
2016,Qtr 3,August,28,10,,,,8/28/2016 0:00,,,,
2016,Qtr 3,August,29,2,,,,8/29/2016 0:00,,,,
2016,Qtr 3,August,31,7,,,,8/31/2016 0:00,,,,
2016,Qtr 3,September,1,4,,,,9/1/2016 0:00,,,,
2016,Qtr 3,September,2,5,,,,9/2/2016 0:00,,,,
2016,Qtr 3,September,3,3,,,,9/3/2016 0:00,,,,
2016,Qtr 3,September,4,3,,,,9/4/2016 0:00,,,,
2016,Qtr 3,September,5,1,,,,9/5/2016 0:00,,,,
2016,Qtr 3,September,6,7,,,,9/6/2016 0:00,,,,
2016,Qtr 3,September,7,14,,,,9/7/2016 0:00,,,,
2016,Qtr 3,September,8,17,,,,9/8/2016 0:00,,,,
2016,Qtr 3,September,10,12,,,,9/10/2016 0:00,,,,
2016,Qtr 3,September,11,13,,,,9/11/2016 0:00,,,,
2016,Qtr 3,September,12,1,,,,9/12/2016 0:00,,,,
2016,Qtr 3,September,13,8,,,,9/13/2016 0:00,,,,
2016,Qtr 3,September,14,7,,,,9/14/2016 0:00,,,,
2016,Qtr 3,September,15,14,,,,9/15/2016 0:00,,,,
2016,Qtr 3,September,16,1,,,,9/16/2016 0:00,,,,
2016,Qtr 3,September,17,23,,,,9/17/2016 0:00,,,,
2016,Qtr 3,September,18,14,,,,9/18/2016 0:00,,,,
2016,Qtr 3,September,19,6,,,,9/19/2016 0:00,,,,
2016,Qtr 3,September,20,7,,,,9/20/2016 0:00,,,,
2016,Qtr 3,September,21,20,,,,9/21/2016 0:00,,,,
2016,Qtr 3,September,22,11,,,,9/22/2016 0:00,,,,
2016,Qtr 3,September,24,18,,,,9/24/2016 0:00,,,,
2016,Qtr 3,September,25,21,,,,9/25/2016 0:00,,,,
2016,Qtr 3,September,26,20,,,,9/26/2016 0:00,,,,
2016,Qtr 3,September,27,10,,,,9/27/2016 0:00,,,,
2016,Qtr 3,September,28,11,,,,9/28/2016 0:00,,,,
2016,Qtr 4,October,1,1,,,,10/1/2016 0:00,,,,
2016,Qtr 4,October,2,1,,,,10/2/2016 0:00,,,,
2016,Qtr 4,October,3,2,,,,10/3/2016 0:00,,,,
2016,Qtr 4,October,4,3,,,,10/4/2016 0:00,,,,
2016,Qtr 4,October,5,3,,,,10/5/2016 0:00,,,,
2016,Qtr 4,October,7,2,,,,10/7/2016 0:00,,,,
2016,Qtr 4,October,8,7,,,,10/8/2016 0:00,,,,
2016,Qtr 4,October,9,9,,,,10/9/2016 0:00,,,,
2016,Qtr 4,October,10,3,,,,10/10/2016 0:00,,,,
2016,Qtr 4,October,11,8,,,,10/11/2016 0:00,,,,
2016,Qtr 4,October,12,20,,,,10/12/2016 0:00,,,,
2016,Qtr 4,October,13,2,,,,10/13/2016 0:00,,,,
2016,Qtr 4,October,15,8,,,,10/15/2016 0:00,,,,
2016,Qtr 4,October,16,1,,,,10/16/2016 0:00,,,,
2016,Qtr 4,October,17,1,,,,10/17/2016 0:00,,,,
2016,Qtr 4,October,18,5,,,,10/18/2016 0:00,,,,
2016,Qtr 4,October,19,6,,,,10/19/2016 0:00,,,,
2016,Qtr 4,October,20,5,,,,10/20/2016 0:00,,,,
2016,Qtr 4,October,22,2,,,,10/22/2016 0:00,,,,
2016,Qtr 4,October,23,15,,,,10/23/2016 0:00,,,,
2016,Qtr 4,October,24,5,,,,10/24/2016 0:00,,,,
2016,Qtr 4,October,25,6,,,,10/25/2016 0:00,,,,
2016,Qtr 4,October,26,8,,,,10/26/2016 0:00,,,,
2016,Qtr 4,October,28,4,,,,10/28/2016 0:00,,,,
2016,Qtr 4,October,29,2,,,,10/29/2016 0:00,,,,
2016,Qtr 4,October,30,7,,,,10/30/2016 0:00,,,,
2016,Qtr 4,October,31,17,,,,10/31/2016 0:00,,,,
2016,Qtr 4,November,4,7,,,,11/4/2016 0:00,,,,
2016,Qtr 4,November,5,1,,,,11/5/2016 0:00,,,,
2016,Qtr 4,November,6,13,,,,11/6/2016 0:00,,,,
2016,Qtr 4,November,7,11,,,,11/7/2016 0:00,,,,
2016,Qtr 4,November,8,3,,,,11/8/2016 0:00,,,,
2016,Qtr 4,November,9,13,,,,11/9/2016 0:00,,,,
2016,Qtr 4,November,10,3,,,,11/10/2016 0:00,,,,
2016,Qtr 4,November,11,2,,,,11/11/2016 0:00,,,,
2016,Qtr 4,November,12,18,,,,11/12/2016 0:00,,,,
2016,Qtr 4,November,13,18,,,,11/13/2016 0:00,,,,
2016,Qtr 4,November,14,13,,,,11/14/2016 0:00,,,,
2016,Qtr 4,November,15,8,,,,11/15/2016 0:00,,,,
2016,Qtr 4,November,16,12,,,,11/16/2016 0:00,,,,
2016,Qtr 4,November,17,11,,,,11/17/2016 0:00,,,,
2016,Qtr 4,November,19,4,,,,11/19/2016 0:00,,,,
2016,Qtr 4,November,20,25,,,,11/20/2016 0:00,,,,
2016,Qtr 4,November,21,21,,,,11/21/2016 0:00,,,,
2016,Qtr 4,November,22,14,,,,11/22/2016 0:00,,,,
2016,Qtr 4,November,23,10,,,,11/23/2016 0:00,,,,
2016,Qtr 4,November,24,10,,,,11/24/2016 0:00,,,,
2016,Qtr 4,November,25,1,,,,11/25/2016 0:00,,,,
2016,Qtr 4,November,26,6,,,,11/26/2016 0:00,,,,
2016,Qtr 4,November,27,17,,,,11/27/2016 0:00,,,,
2016,Qtr 4,November,28,13,,,,11/28/2016 0:00,,,,
2016,Qtr 4,November,29,10,,,,11/29/2016 0:00,,,,
2016,Qtr 4,November,30,15,,,,11/30/2016 0:00,,,,
2016,Qtr 4,December,1,5,,,,12/1/2016 0:00,,,,
2016,Qtr 4,December,3,4,,,,12/3/2016 0:00,,,,
2016,Qtr 4,December,5,8,,,,12/5/2016 0:00,,,,
2016,Qtr 4,December,6,5,,,,12/6/2016 0:00,,,,
2016,Qtr 4,December,7,8,,,,12/7/2016 0:00,,,,
2016,Qtr 4,December,9,9,,,,12/9/2016 0:00,,,,
2016,Qtr 4,December,10,11,,,,12/10/2016 0:00,,,,
2016,Qtr 4,December,11,11,,,,12/11/2016 0:00,,,,
2016,Qtr 4,December,12,14,,,,12/12/2016 0:00,,,,
2016,Qtr 4,December,13,9,,,,12/13/2016 0:00,,,,
2016,Qtr 4,December,14,8,,,,12/14/2016 0:00,,,,
2016,Qtr 4,December,15,9,,,,12/15/2016 0:00,,,,
2016,Qtr 4,December,16,1,,,,12/16/2016 0:00,,,,
2016,Qtr 4,December,17,12,,,,12/17/2016 0:00,,,,
2016,Qtr 4,December,18,7,,,,12/18/2016 0:00,,,,
2016,Qtr 4,December,19,14,,,,12/19/2016 0:00,,,,
2016,Qtr 4,December,20,11,,,,12/20/2016 0:00,,,,
2016,Qtr 4,December,21,11,,,,12/21/2016 0:00,,,,
2016,Qtr 4,December,22,3,,,,12/22/2016 0:00,,,,
2016,Qtr 4,December,23,1,,,,12/23/2016 0:00,,,,
2016,Qtr 4,December,24,19,,,,12/24/2016 0:00,,,,
2016,Qtr 4,December,25,16,,,,12/25/2016 0:00,,,,
2016,Qtr 4,December,26,4,,,,12/26/2016 0:00,,,,
2016,Qtr 4,December,27,22,,,,12/27/2016 0:00,,,,
2016,Qtr 4,December,28,2,,,,12/28/2016 0:00,,,,
2016,Qtr 4,December,30,5,,,,12/30/2016 0:00,,,,
2016,Qtr 4,December,31,11,,,,12/31/2016 0:00,,,,
2017,Qtr 1,January,2,2,,,,1/2/2017 0:00,,,,
2017,Qtr 1,January,3,5,,,,1/3/2017 0:00,,,,
2017,Qtr 1,January,4,17,,,,1/4/2017 0:00,,,,
2017,Qtr 1,January,5,6,,,,1/5/2017 0:00,,,,
2017,Qtr 1,January,7,8,,,,1/7/2017 0:00,,,,
2017,Qtr 1,January,8,4,,,,1/8/2017 0:00,,,,
2017,Qtr 1,January,9,20,,,,1/9/2017 0:00,,,,
2017,Qtr 1,January,10,8,,,,1/10/2017 0:00,,,,
2017,Qtr 1,January,11,4,,,,1/11/2017 0:00,,,,
2017,Qtr 1,January,12,23,,,,1/12/2017 0:00,,,,
2017,Qtr 1,January,14,2,,,,1/14/2017 0:00,,,,
2017,Qtr 1,January,15,8,,,,1/15/2017 0:00,,,,
2017,Qtr 1,January,16,2,,,,1/16/2017 0:00,,,,
2017,Qtr 1,January,17,4,,,,1/17/2017 0:00,,,,
2017,Qtr 1,January,21,2,,,,1/21/2017 0:00,,,,
2017,Qtr 1,January,22,11,,,,1/22/2017 0:00,,,,
2017,Qtr 1,January,23,4,,,,1/23/2017 0:00,,,,
2017,Qtr 1,January,24,1,,,,1/24/2017 0:00,,,,
2017,Qtr 1,January,25,6,,,,1/25/2017 0:00,,,,
2017,Qtr 1,January,28,1,,,,1/28/2017 0:00,,,,
2017,Qtr 1,January,30,10,,,,1/30/2017 0:00,,,,
2017,Qtr 1,January,31,6,,,,1/31/2017 0:00,,,,
2017,Qtr 1,February,1,2,,,,2/1/2017 0:00,,,,
2017,Qtr 1,February,2,5,,,,2/2/2017 0:00,,,,
2017,Qtr 1,February,4,1,,,,2/4/2017 0:00,,,,
2017,Qtr 1,February,5,8,,,,2/5/2017 0:00,,,,
2017,Qtr 1,February,6,4,,,,2/6/2017 0:00,,,,
2017,Qtr 1,February,7,4,,,,2/7/2017 0:00,,,,
2017,Qtr 1,February,8,3,,,,2/8/2017 0:00,,,,
2017,Qtr 1,February,9,26,,,,2/9/2017 0:00,,,,
2017,Qtr 1,February,10,7,,,,2/10/2017 0:00,,,,
2017,Qtr 1,February,12,17,,,,2/12/2017 0:00,,,,
2017,Qtr 1,February,13,1,,,,2/13/2017 0:00,,,,
2017,Qtr 1,February,14,5,,,,2/14/2017 0:00,,,,
2017,Qtr 1,February,15,2,,,,2/15/2017 0:00,,,,
2017,Qtr 1,February,16,9,,,,2/16/2017 0:00,,,,
2017,Qtr 1,February,19,5,,,,2/19/2017 0:00,,,,
2017,Qtr 1,February,20,1,,,,2/20/2017 0:00,,,,
2017,Qtr 1,February,21,11,,,,2/21/2017 0:00,,,,
2017,Qtr 1,February,22,4,,,,2/22/2017 0:00,,,,
2017,Qtr 1,February,23,1,,,,2/23/2017 0:00,,,,
2017,Qtr 1,February,25,1,,,,2/25/2017 0:00,,,,
2017,Qtr 1,February,27,3,,,,2/27/2017 0:00,,,,
2017,Qtr 1,February,28,2,,,,2/28/2017 0:00,,,,
2017,Qtr 1,March,1,6,,,,3/1/2017 0:00,,,,
2017,Qtr 1,March,2,1,,,,3/2/2017 0:00,,,,
2017,Qtr 1,March,3,15,,,,3/3/2017 0:00,,,,
2017,Qtr 1,March,4,4,,,,3/4/2017 0:00,,,,
2017,Qtr 1,March,5,9,,,,3/5/2017 0:00,,,,
2017,Qtr 1,March,7,4,,,,3/7/2017 0:00,,,,
2017,Qtr 1,March,8,2,,,,3/8/2017 0:00,,,,
2017,Qtr 1,March,9,13,,,,3/9/2017 0:00,,,,
2017,Qtr 1,March,10,7,,,,3/10/2017 0:00,,,,
2017,Qtr 1,March,11,24,,,,3/11/2017 0:00,,,,
2017,Qtr 1,March,12,16,,,,3/12/2017 0:00,,,,
2017,Qtr 1,March,13,20,,,,3/13/2017 0:00,,,,
2017,Qtr 1,March,14,7,,,,3/14/2017 0:00,,,,
2017,Qtr 1,March,15,5,,,,3/15/2017 0:00,,,,
2017,Qtr 1,March,17,7,,,,3/17/2017 0:00,,,,
2017,Qtr 1,March,18,2,,,,3/18/2017 0:00,,,,
2017,Qtr 1,March,19,4,,,,3/19/2017 0:00,,,,
2017,Qtr 1,March,20,7,,,,3/20/2017 0:00,,,,
2017,Qtr 1,March,21,5,,,,3/21/2017 0:00,,,,
2017,Qtr 1,March,22,2,,,,3/22/2017 0:00,,,,
2017,Qtr 1,March,24,4,,,,3/24/2017 0:00,,,,
2017,Qtr 1,March,25,2,,,,3/25/2017 0:00,,,,
2017,Qtr 1,March,26,5,,,,3/26/2017 0:00,,,,
2017,Qtr 1,March,27,3,,,,3/27/2017 0:00,,,,
2017,Qtr 1,March,28,3,,,,3/28/2017 0:00,,,,
2017,Qtr 1,March,29,9,,,,3/29/2017 0:00,,,,
2017,Qtr 1,March,30,1,,,,3/30/2017 0:00,,,,
2017,Qtr 1,March,31,3,,,,3/31/2017 0:00,,,,
2017,Qtr 2,April,1,3,,,,4/1/2017 0:00,,,,
2017,Qtr 2,April,2,3,,,,4/2/2017 0:00,,,,
2017,Qtr 2,April,3,4,,,,4/3/2017 0:00,,,,
2017,Qtr 2,April,4,6,,,,4/4/2017 0:00,,,,
2017,Qtr 2,April,6,12,,,,4/6/2017 0:00,,,,
2017,Qtr 2,April,7,7,,,,4/7/2017 0:00,,,,
2017,Qtr 2,April,8,8,,,,4/8/2017 0:00,,,,
2017,Qtr 2,April,9,16,,,,4/9/2017 0:00,,,,
2017,Qtr 2,April,10,7,,,,4/10/2017 0:00,,,,
2017,Qtr 2,April,11,20,,,,4/11/2017 0:00,,,,
2017,Qtr 2,April,12,9,,,,4/12/2017 0:00,,,,
2017,Qtr 2,April,13,1,,,,4/13/2017 0:00,,,,
2017,Qtr 2,April,14,5,,,,4/14/2017 0:00,,,,
2017,Qtr 2,April,15,8,,,,4/15/2017 0:00,,,,
2017,Qtr 2,April,16,7,,,,4/16/2017 0:00,,,,
2017,Qtr 2,April,17,5,,,,4/17/2017 0:00,,,,
2017,Qtr 2,April,18,9,,,,4/18/2017 0:00,,,,
2017,Qtr 2,April,19,15,,,,4/19/2017 0:00,,,,
2017,Qtr 2,April,21,6,,,,4/21/2017 0:00,,,,
2017,Qtr 2,April,22,10,,,,4/22/2017 0:00,,,,
2017,Qtr 2,April,23,8,,,,4/23/2017 0:00,,,,
2017,Qtr 2,April,24,5,,,,4/24/2017 0:00,,,,
2017,Qtr 2,April,25,3,,,,4/25/2017 0:00,,,,
2017,Qtr 2,April,26,1,,,,4/26/2017 0:00,,,,
2017,Qtr 2,April,28,5,,,,4/28/2017 0:00,,,,
2017,Qtr 2,April,30,3,,,,4/30/2017 0:00,,,,
2017,Qtr 2,May,1,3,,,,5/1/2017 0:00,,,,
2017,Qtr 2,May,2,15,,,,5/2/2017 0:00,,,,
2017,Qtr 2,May,3,2,,,,5/3/2017 0:00,,,,
2017,Qtr 2,May,4,3,,,,5/4/2017 0:00,,,,
2017,Qtr 2,May,5,12,,,,5/5/2017 0:00,,,,
2017,Qtr 2,May,6,8,,,,5/6/2017 0:00,,,,
2017,Qtr 2,May,8,1,,,,5/8/2017 0:00,,,,
2017,Qtr 2,May,9,38,,,,5/9/2017 0:00,,,,
2017,Qtr 2,May,11,19,,,,5/11/2017 0:00,,,,
2017,Qtr 2,May,12,13,,,,5/12/2017 0:00,,,,
2017,Qtr 2,May,14,9,,,,5/14/2017 0:00,,,,
2017,Qtr 2,May,15,6,,,,5/15/2017 0:00,,,,
2017,Qtr 2,May,16,4,,,,5/16/2017 0:00,,,,
2017,Qtr 2,May,17,9,,,,5/17/2017 0:00,,,,
2017,Qtr 2,May,18,2,,,,5/18/2017 0:00,,,,
2017,Qtr 2,May,19,9,,,,5/19/2017 0:00,,,,
2017,Qtr 2,May,20,5,,,,5/20/2017 0:00,,,,
2017,Qtr 2,May,21,7,,,,5/21/2017 0:00,,,,
2017,Qtr 2,May,22,8,,,,5/22/2017 0:00,,,,
2017,Qtr 2,May,23,7,,,,5/23/2017 0:00,,,,
2017,Qtr 2,May,24,3,,,,5/24/2017 0:00,,,,
2017,Qtr 2,May,25,3,,,,5/25/2017 0:00,,,,
2017,Qtr 2,May,26,18,,,,5/26/2017 0:00,,,,
2017,Qtr 2,May,27,7,,,,5/27/2017 0:00,,,,
2017,Qtr 2,May,28,10,,,,5/28/2017 0:00,,,,
2017,Qtr 2,May,29,5,,,,5/29/2017 0:00,,,,
2017,Qtr 2,May,30,25,,,,5/30/2017 0:00,,,,
2017,Qtr 2,May,31,6,,,,5/31/2017 0:00,,,,
2017,Qtr 2,June,2,1,,,,6/2/2017 0:00,,,,
2017,Qtr 2,June,3,7,,,,6/3/2017 0:00,,,,
2017,Qtr 2,June,4,1,,,,6/4/2017 0:00,,,,
2017,Qtr 2,June,5,7,,,,6/5/2017 0:00,,,,
2017,Qtr 2,June,6,15,,,,6/6/2017 0:00,,,,
2017,Qtr 2,June,8,3,,,,6/8/2017 0:00,,,,
2017,Qtr 2,June,9,8,,,,6/9/2017 0:00,,,,
2017,Qtr 2,June,10,5,,,,6/10/2017 0:00,,,,
2017,Qtr 2,June,11,7,,,,6/11/2017 0:00,,,,
2017,Qtr 2,June,12,11,,,,6/12/2017 0:00,,,,
2017,Qtr 2,June,13,3,,,,6/13/2017 0:00,,,,
2017,Qtr 2,June,14,10,,,,6/14/2017 0:00,,,,
2017,Qtr 2,June,15,1,,,,6/15/2017 0:00,,,,
2017,Qtr 2,June,16,3,,,,6/16/2017 0:00,,,,
2017,Qtr 2,June,17,18,,,,6/17/2017 0:00,,,,
2017,Qtr 2,June,18,4,,,,6/18/2017 0:00,,,,
2017,Qtr 2,June,19,1,,,,6/19/2017 0:00,,,,
2017,Qtr 2,June,20,17,,,,6/20/2017 0:00,,,,
2017,Qtr 2,June,21,4,,,,6/21/2017 0:00,,,,
2017,Qtr 2,June,23,11,,,,6/23/2017 0:00,,,,
2017,Qtr 2,June,24,6,,,,6/24/2017 0:00,,,,
2017,Qtr 2,June,25,6,,,,6/25/2017 0:00,,,,
2017,Qtr 2,June,26,16,,,,6/26/2017 0:00,,,,
2017,Qtr 2,June,27,3,,,,6/27/2017 0:00,,,,
2017,Qtr 2,June,28,8,,,,6/28/2017 0:00,,,,
2017,Qtr 2,June,29,1,,,,6/29/2017 0:00,,,,
2017,Qtr 2,June,30,3,,,,6/30/2017 0:00,,,,
2017,Qtr 3,July,1,3,,,,7/1/2017 0:00,,,,
2017,Qtr 3,July,2,4,,,,7/2/2017 0:00,,,,
2017,Qtr 3,July,3,1,,,,7/3/2017 0:00,,,,
2017,Qtr 3,July,4,4,,,,7/4/2017 0:00,,,,
2017,Qtr 3,July,5,6,,,,7/5/2017 0:00,,,,
2017,Qtr 3,July,6,4,,,,7/6/2017 0:00,,,,
2017,Qtr 3,July,7,15,,,,7/7/2017 0:00,,,,
2017,Qtr 3,July,8,1,,,,7/8/2017 0:00,,,,
2017,Qtr 3,July,10,5,,,,7/10/2017 0:00,,,,
2017,Qtr 3,July,11,19,,,,7/11/2017 0:00,,,,
2017,Qtr 3,July,14,18,,,,7/14/2017 0:00,,,,
2017,Qtr 3,July,15,3,,,,7/15/2017 0:00,,,,
2017,Qtr 3,July,16,12,,,,7/16/2017 0:00,,,,
2017,Qtr 3,July,17,17,,,,7/17/2017 0:00,,,,
2017,Qtr 3,July,18,12,,,,7/18/2017 0:00,,,,
2017,Qtr 3,July,19,8,,,,7/19/2017 0:00,,,,
2017,Qtr 3,July,20,1,,,,7/20/2017 0:00,,,,
2017,Qtr 3,July,21,9,,,,7/21/2017 0:00,,,,
2017,Qtr 3,July,22,12,,,,7/22/2017 0:00,,,,
2017,Qtr 3,July,23,10,,,,7/23/2017 0:00,,,,
2017,Qtr 3,July,24,2,,,,7/24/2017 0:00,,,,
2017,Qtr 3,July,25,14,,,,7/25/2017 0:00,,,,
2017,Qtr 3,July,28,8,,,,7/28/2017 0:00,,,,
2017,Qtr 3,July,29,4,,,,7/29/2017 0:00,,,,
2017,Qtr 3,July,30,4,,,,7/30/2017 0:00,,,,
2017,Qtr 3,July,31,5,,,,7/31/2017 0:00,,,,
2017,Qtr 3,August,1,5,,,,8/1/2017 0:00,,,,
2017,Qtr 3,August,2,2,,,,8/2/2017 0:00,,,,
2017,Qtr 3,August,3,13,,,,8/3/2017 0:00,,,,
2017,Qtr 3,August,4,18,,,,8/4/2017 0:00,,,,
2017,Qtr 3,August,5,7,,,,8/5/2017 0:00,,,,
2017,Qtr 3,August,7,11,,,,8/7/2017 0:00,,,,
2017,Qtr 3,August,8,7,,,,8/8/2017 0:00,,,,
2017,Qtr 3,August,9,21,,,,8/9/2017 0:00,,,,
2017,Qtr 3,August,10,4,,,,8/10/2017 0:00,,,,
2017,Qtr 3,August,11,2,,,,8/11/2017 0:00,,,,
2017,Qtr 3,August,12,15,,,,8/12/2017 0:00,,,,
2017,Qtr 3,August,13,10,,,,8/13/2017 0:00,,,,
2017,Qtr 3,August,14,6,,,,8/14/2017 0:00,,,,
2017,Qtr 3,August,15,10,,,,8/15/2017 0:00,,,,
2017,Qtr 3,August,16,3,,,,8/16/2017 0:00,,,,
2017,Qtr 3,August,17,1,,,,8/17/2017 0:00,,,,
2017,Qtr 3,August,18,6,,,,8/18/2017 0:00,,,,
2017,Qtr 3,August,19,3,,,,8/19/2017 0:00,,,,
2017,Qtr 3,August,20,1,,,,8/20/2017 0:00,,,,
2017,Qtr 3,August,21,11,,,,8/21/2017 0:00,,,,
2017,Qtr 3,August,22,8,,,,8/22/2017 0:00,,,,
2017,Qtr 3,August,23,16,,,,8/23/2017 0:00,,,,
2017,Qtr 3,August,26,20,,,,8/26/2017 0:00,,,,
2017,Qtr 3,August,27,13,,,,8/27/2017 0:00,,,,
2017,Qtr 3,August,28,6,,,,8/28/2017 0:00,,,,
2017,Qtr 3,August,29,9,,,,8/29/2017 0:00,,,,
2017,Qtr 3,August,30,7,,,,8/30/2017 0:00,,,,
2017,Qtr 3,August,31,1,,,,8/31/2017 0:00,,,,
2017,Qtr 3,September,1,3,,,,9/1/2017 0:00,,,,
2017,Qtr 3,September,2,2,,,,9/2/2017 0:00,,,,
2017,Qtr 3,September,3,5,,,,9/3/2017 0:00,,,,
2017,Qtr 3,September,4,4,,,,9/4/2017 0:00,,,,
2017,Qtr 3,September,5,12,,,,9/5/2017 0:00,,,,
2017,Qtr 3,September,6,4,,,,9/6/2017 0:00,,,,
2017,Qtr 3,September,7,2,,,,9/7/2017 0:00,,,,
2017,Qtr 3,September,8,5,,,,9/8/2017 0:00,,,,
2017,Qtr 3,September,9,3,,,,9/9/2017 0:00,,,,
2017,Qtr 3,September,10,5,,,,9/10/2017 0:00,,,,
2017,Qtr 3,September,11,1,,,,9/11/2017 0:00,,,,
2017,Qtr 3,September,12,17,,,,9/12/2017 0:00,,,,
2017,Qtr 3,September,13,10,,,,9/13/2017 0:00,,,,
2017,Qtr 3,September,14,3,,,,9/14/2017 0:00,,,,
2017,Qtr 3,September,15,7,,,,9/15/2017 0:00,,,,
2017,Qtr 3,September,16,4,,,,9/16/2017 0:00,,,,
2017,Qtr 3,September,17,14,,,,9/17/2017 0:00,,,,
2017,Qtr 3,September,18,15,,,,9/18/2017 0:00,,,,
2017,Qtr 3,September,19,16,,,,9/19/2017 0:00,,,,
2017,Qtr 3,September,20,10,,,,9/20/2017 0:00,,,,
2017,Qtr 3,September,22,11,,,,9/22/2017 0:00,,,,
2017,Qtr 3,September,23,13,,,,9/23/2017 0:00,,,,
2017,Qtr 3,September,24,12,,,,9/24/2017 0:00,,,,
2017,Qtr 3,September,25,13,,,,9/25/2017 0:00,,,,
2017,Qtr 3,September,26,17,,,,9/26/2017 0:00,,,,
2017,Qtr 3,September,27,5,,,,9/27/2017 0:00,,,,
2017,Qtr 3,September,28,1,,,,9/28/2017 0:00,,,,
2017,Qtr 3,September,29,9,,,,9/29/2017 0:00,,,,
2017,Qtr 3,September,30,2,,,,9/30/2017 0:00,,,,
2017,Qtr 4,October,1,3,,,,10/1/2017 0:00,,,,
2017,Qtr 4,October,3,7,,,,10/3/2017 0:00,,,,
2017,Qtr 4,October,4,8,,,,10/4/2017 0:00,,,,
2017,Qtr 4,October,5,3,,,,10/5/2017 0:00,,,,
2017,Qtr 4,October,6,4,,,,10/6/2017 0:00,,,,
2017,Qtr 4,October,7,5,,,,10/7/2017 0:00,,,,
2017,Qtr 4,October,9,11,,,,10/9/2017 0:00,,,,
2017,Qtr 4,October,10,5,,,,10/10/2017 0:00,,,,
2017,Qtr 4,October,11,35,,,,10/11/2017 0:00,,,,
2017,Qtr 4,October,12,13,,,,10/12/2017 0:00,,,,
2017,Qtr 4,October,13,19,,,,10/13/2017 0:00,,,,
2017,Qtr 4,October,14,10,,,,10/14/2017 0:00,,,,
2017,Qtr 4,October,15,13,,,,10/15/2017 0:00,,,,
2017,Qtr 4,October,16,1,,,,10/16/2017 0:00,,,,
2017,Qtr 4,October,17,6,,,,10/17/2017 0:00,,,,
2017,Qtr 4,October,18,1,,,,10/18/2017 0:00,,,,
2017,Qtr 4,October,20,10,,,,10/20/2017 0:00,,,,
2017,Qtr 4,October,21,19,,,,10/21/2017 0:00,,,,
2017,Qtr 4,October,22,5,,,,10/22/2017 0:00,,,,
2017,Qtr 4,October,23,4,,,,10/23/2017 0:00,,,,
2017,Qtr 4,October,24,6,,,,10/24/2017 0:00,,,,
2017,Qtr 4,October,25,1,,,,10/25/2017 0:00,,,,
2017,Qtr 4,October,27,9,,,,10/27/2017 0:00,,,,
2017,Qtr 4,October,28,17,,,,10/28/2017 0:00,,,,
2017,Qtr 4,October,29,4,,,,10/29/2017 0:00,,,,
2017,Qtr 4,October,30,4,,,,10/30/2017 0:00,,,,
2017,Qtr 4,October,31,8,,,,10/31/2017 0:00,,,,
2017,Qtr 4,November,1,4,,,,11/1/2017 0:00,,,,
2017,Qtr 4,November,2,1,,,,11/2/2017 0:00,,,,
2017,Qtr 4,November,3,6,,,,11/3/2017 0:00,,,,
2017,Qtr 4,November,5,1,,,,11/5/2017 0:00,,,,
2017,Qtr 4,November,6,8,,,,11/6/2017 0:00,,,,
2017,Qtr 4,November,8,3,,,,11/8/2017 0:00,,,,
2017,Qtr 4,November,9,16,,,,11/9/2017 0:00,,,,
2017,Qtr 4,November,10,2,,,,11/10/2017 0:00,,,,
2017,Qtr 4,November,11,19,,,,11/11/2017 0:00,,,,
2017,Qtr 4,November,12,28,,,,11/12/2017 0:00,,,,
2017,Qtr 4,November,13,13,,,,11/13/2017 0:00,,,,
2017,Qtr 4,November,14,16,,,,11/14/2017 0:00,,,,
2017,Qtr 4,November,15,5,,,,11/15/2017 0:00,,,,
2017,Qtr 4,November,16,2,,,,11/16/2017 0:00,,,,
2017,Qtr 4,November,17,4,,,,11/17/2017 0:00,,,,
2017,Qtr 4,November,18,12,,,,11/18/2017 0:00,,,,
2017,Qtr 4,November,19,18,,,,11/19/2017 0:00,,,,
2017,Qtr 4,November,20,22,,,,11/20/2017 0:00,,,,
2017,Qtr 4,November,21,12,,,,11/21/2017 0:00,,,,
2017,Qtr 4,November,22,10,,,,11/22/2017 0:00,,,,
2017,Qtr 4,November,23,3,,,,11/23/2017 0:00,,,,
2017,Qtr 4,November,24,27,,,,11/24/2017 0:00,,,,
2017,Qtr 4,November,25,12,,,,11/25/2017 0:00,,,,
2017,Qtr 4,November,26,16,,,,11/26/2017 0:00,,,,
2017,Qtr 4,November,27,10,,,,11/27/2017 0:00,,,,
2017,Qtr 4,November,28,11,,,,11/28/2017 0:00,,,,
2017,Qtr 4,November,29,2,,,,11/29/2017 0:00,,,,
2017,Qtr 4,November,30,5,,,,11/30/2017 0:00,,,,
2017,Qtr 4,December,2,2,,,,12/2/2017 0:00,,,,
2017,Qtr 4,December,3,7,,,,12/3/2017 0:00,,,,
2017,Qtr 4,December,4,11,,,,12/4/2017 0:00,,,,
2017,Qtr 4,December,5,7,,,,12/5/2017 0:00,,,,
2017,Qtr 4,December,6,22,,,,12/6/2017 0:00,,,,
2017,Qtr 4,December,7,1,,,,12/7/2017 0:00,,,,
2017,Qtr 4,December,8,7,,,,12/8/2017 0:00,,,,
2017,Qtr 4,December,9,15,,,,12/9/2017 0:00,,,,
2017,Qtr 4,December,11,16,,,,12/11/2017 0:00,,,,
2017,Qtr 4,December,12,10,,,,12/12/2017 0:00,,,,
2017,Qtr 4,December,13,4,,,,12/13/2017 0:00,,,,
2017,Qtr 4,December,14,9,,,,12/14/2017 0:00,,,,
2017,Qtr 4,December,15,7,,,,12/15/2017 0:00,,,,
2017,Qtr 4,December,16,5,,,,12/16/2017 0:00,,,,
2017,Qtr 4,December,17,7,,,,12/17/2017 0:00,,,,
2017,Qtr 4,December,18,21,,,,12/18/2017 0:00,,,,
2017,Qtr 4,December,19,7,,,,12/19/2017 0:00,,,,
2017,Qtr 4,December,20,4,,,,12/20/2017 0:00,,,,
2017,Qtr 4,December,22,8,,,,12/22/2017 0:00,,,,
2017,Qtr 4,December,23,20,,,,12/23/2017 0:00,,,,
2017,Qtr 4,December,24,8,,,,12/24/2017 0:00,,,,
2017,Qtr 4,December,25,19,,,,12/25/2017 0:00,,,,
2017,Qtr 4,December,26,13,,,,12/26/2017 0:00,,,,
2017,Qtr 4,December,27,7,,,,12/27/2017 0:00,,,,
2017,Qtr 4,December,29,12,,,,12/29/2017 0:00,,,,
2017,Qtr 4,December,30,8,,,,12/30/2017 0:00,,,,
2017,Qtr 4,December,31,7,,,,12/31/2017 0:00,,,,
2018,Qtr 1,January,1,10,,,,1/1/2018 0:00,,,,
2018,Qtr 1,January,4,12,,,,1/4/2018 0:00,,,,
2018,Qtr 1,January,5,6,,,,1/5/2018 0:00,,,,
2018,Qtr 1,January,6,6,,,,1/6/2018 0:00,,,,
2018,Qtr 1,January,7,3,,,,1/7/2018 0:00,,,,
2018,Qtr 1,January,8,6,,,,1/8/2018 0:00,,,,
2018,Qtr 1,January,9,7,,,,1/9/2018 0:00,,,,
2018,Qtr 1,January,10,12,,,,1/10/2018 0:00,,,,
2018,Qtr 1,January,11,4,,,,1/11/2018 0:00,,,,
2018,Qtr 1,January,12,34,,,,1/12/2018 0:00,,,,
2018,Qtr 1,January,13,4,,,,1/13/2018 0:00,,,,
2018,Qtr 1,January,14,10,,,,1/14/2018 0:00,,,,
2018,Qtr 1,January,15,8,,,,1/15/2018 0:00,,,,
2018,Qtr 1,January,16,5,,,,1/16/2018 0:00,,,,
2018,Qtr 1,January,19,9,,,,1/19/2018 0:00,,,,
2018,Qtr 1,January,20,6,,,,1/20/2018 0:00,,,,
2018,Qtr 1,January,21,14,,,,1/21/2018 0:00,,,,
2018,Qtr 1,January,22,6,,,,1/22/2018 0:00,,,,
2018,Qtr 1,January,23,7,,,,1/23/2018 0:00,,,,
2018,Qtr 1,January,24,4,,,,1/24/2018 0:00,,,,
2018,Qtr 1,January,26,6,,,,1/26/2018 0:00,,,,
2018,Qtr 1,January,27,4,,,,1/27/2018 0:00,,,,
2018,Qtr 1,January,28,4,,,,1/28/2018 0:00,,,,
2018,Qtr 1,January,29,6,,,,1/29/2018 0:00,,,,
2018,Qtr 1,January,30,16,,,,1/30/2018 0:00,,,,
2018,Qtr 1,February,1,8,,,,2/1/2018 0:00,,,,
2018,Qtr 1,February,2,9,,,,2/2/2018 0:00,,,,
2018,Qtr 1,February,3,11,,,,2/3/2018 0:00,,,,
2018,Qtr 1,February,4,5,,,,2/4/2018 0:00,,,,
2018,Qtr 1,February,5,5,,,,2/5/2018 0:00,,,,
2018,Qtr 1,February,6,6,,,,2/6/2018 0:00,,,,
2018,Qtr 1,February,7,2,,,,2/7/2018 0:00,,,,
2018,Qtr 1,February,9,33,,,,2/9/2018 0:00,,,,
2018,Qtr 1,February,10,26,,,,2/10/2018 0:00,,,,
2018,Qtr 1,February,11,25,,,,2/11/2018 0:00,,,,
2018,Qtr 1,February,12,34,,,,2/12/2018 0:00,,,,
2018,Qtr 1,February,13,7,,,,2/13/2018 0:00,,,,
2018,Qtr 1,February,16,8,,,,2/16/2018 0:00,,,,
2018,Qtr 1,February,17,13,,,,2/17/2018 0:00,,,,
2018,Qtr 1,February,18,3,,,,2/18/2018 0:00,,,,
2018,Qtr 1,February,19,4,,,,2/19/2018 0:00,,,,
2018,Qtr 1,February,20,11,,,,2/20/2018 0:00,,,,
2018,Qtr 1,February,21,1,,,,2/21/2018 0:00,,,,
2018,Qtr 1,February,23,3,,,,2/23/2018 0:00,,,,
2018,Qtr 1,February,24,3,,,,2/24/2018 0:00,,,,
2018,Qtr 1,February,25,3,,,,2/25/2018 0:00,,,,
2018,Qtr 1,February,26,6,,,,2/26/2018 0:00,,,,
2018,Qtr 1,February,28,2,,,,2/28/2018 0:00,,,,
2018,Qtr 1,March,1,3,,,,3/1/2018 0:00,,,,
2018,Qtr 1,March,2,8,,,,3/2/2018 0:00,,,,
2018,Qtr 1,March,3,7,,,,3/3/2018 0:00,,,,
2018,Qtr 1,March,4,2,,,,3/4/2018 0:00,,,,
2018,Qtr 1,March,5,9,,,,3/5/2018 0:00,,,,
2018,Qtr 1,March,6,17,,,,3/6/2018 0:00,,,,
2018,Qtr 1,March,7,20,,,,3/7/2018 0:00,,,,
2018,Qtr 1,March,8,6,,,,3/8/2018 0:00,,,,
2018,Qtr 1,March,9,13,,,,3/9/2018 0:00,,,,
2018,Qtr 1,March,10,9,,,,3/10/2018 0:00,,,,
2018,Qtr 1,March,11,23,,,,3/11/2018 0:00,,,,
2018,Qtr 1,March,12,20,,,,3/12/2018 0:00,,,,
2018,Qtr 1,March,13,20,,,,3/13/2018 0:00,,,,
2018,Qtr 1,March,14,1,,,,3/14/2018 0:00,,,,
2018,Qtr 1,March,16,13,,,,3/16/2018 0:00,,,,
2018,Qtr 1,March,17,13,,,,3/17/2018 0:00,,,,
2018,Qtr 1,March,18,10,,,,3/18/2018 0:00,,,,
2018,Qtr 1,March,19,10,,,,3/19/2018 0:00,,,,
2018,Qtr 1,March,20,6,,,,3/20/2018 0:00,,,,
2018,Qtr 1,March,21,12,,,,3/21/2018 0:00,,,,
2018,Qtr 1,March,23,8,,,,3/23/2018 0:00,,,,
2018,Qtr 1,March,24,7,,,,3/24/2018 0:00,,,,
2018,Qtr 1,March,25,12,,,,3/25/2018 0:00,,,,
2018,Qtr 1,March,26,11,,,,3/26/2018 0:00,,,,
2018,Qtr 1,March,27,14,,,,3/27/2018 0:00,,,,
2018,Qtr 1,March,28,8,,,,3/28/2018 0:00,,,,
2018,Qtr 1,March,29,1,,,,3/29/2018 0:00,,,,
2018,Qtr 1,March,30,6,,,,3/30/2018 0:00,,,,
2018,Qtr 1,March,31,13,,,,3/31/2018 0:00,,,,
2018,Qtr 2,April,2,1,,,,4/2/2018 0:00,,,,
2018,Qtr 2,April,3,6,,,,4/3/2018 0:00,,,,
2018,Qtr 2,April,4,6,,,,4/4/2018 0:00,,,,
2018,Qtr 2,April,5,10,,,,4/5/2018 0:00,,,,
2018,Qtr 2,April,6,8,,,,4/6/2018 0:00,,,,
2018,Qtr 2,April,8,3,,,,4/8/2018 0:00,,,,
2018,Qtr 2,April,9,28,,,,4/9/2018 0:00,,,,
2018,Qtr 2,April,10,1,,,,4/10/2018 0:00,,,,
2018,Qtr 2,April,11,17,,,,4/11/2018 0:00,,,,
2018,Qtr 2,April,12,18,,,,4/12/2018 0:00,,,,
2018,Qtr 2,April,13,4,,,,4/13/2018 0:00,,,,
2018,Qtr 2,April,14,8,,,,4/14/2018 0:00,,,,
2018,Qtr 2,April,15,6,,,,4/15/2018 0:00,,,,
2018,Qtr 2,April,16,10,,,,4/16/2018 0:00,,,,
2018,Qtr 2,April,17,13,,,,4/17/2018 0:00,,,,
2018,Qtr 2,April,20,10,,,,4/20/2018 0:00,,,,
2018,Qtr 2,April,21,8,,,,4/21/2018 0:00,,,,
2018,Qtr 2,April,22,3,,,,4/22/2018 0:00,,,,
2018,Qtr 2,April,23,15,,,,4/23/2018 0:00,,,,
2018,Qtr 2,April,24,9,,,,4/24/2018 0:00,,,,
2018,Qtr 2,April,25,8,,,,4/25/2018 0:00,,,,
2018,Qtr 2,April,26,3,,,,4/26/2018 0:00,,,,
2018,Qtr 2,April,27,6,,,,4/27/2018 0:00,,,,
2018,Qtr 2,April,28,4,,,,4/28/2018 0:00,,,,
2018,Qtr 2,April,29,2,,,,4/29/2018 0:00,,,,
2018,Qtr 2,April,30,18,,,,4/30/2018 0:00,,,,
2018,Qtr 2,May,2,4,,,,5/2/2018 0:00,,,,
2018,Qtr 2,May,3,9,,,,5/3/2018 0:00,,,,
2018,Qtr 2,May,5,6,,,,5/5/2018 0:00,,,,
2018,Qtr 2,May,6,2,,,,5/6/2018 0:00,,,,
2018,Qtr 2,May,7,6,,,,5/7/2018 0:00,,,,
2018,Qtr 2,May,8,5,,,,5/8/2018 0:00,,,,
2018,Qtr 2,May,9,5,,,,5/9/2018 0:00,,,,
2018,Qtr 2,May,10,15,,,,5/10/2018 0:00,,,,
2018,Qtr 2,May,11,18,,,,5/11/2018 0:00,,,,
2018,Qtr 2,May,12,19,,,,5/12/2018 0:00,,,,
2018,Qtr 2,May,13,9,,,,5/13/2018 0:00,,,,
2018,Qtr 2,May,14,21,,,,5/14/2018 0:00,,,,
2018,Qtr 2,May,15,8,,,,5/15/2018 0:00,,,,
2018,Qtr 2,May,16,1,,,,5/16/2018 0:00,,,,
2018,Qtr 2,May,18,17,,,,5/18/2018 0:00,,,,
2018,Qtr 2,May,19,20,,,,5/19/2018 0:00,,,,
2018,Qtr 2,May,20,12,,,,5/20/2018 0:00,,,,
2018,Qtr 2,May,21,2,,,,5/21/2018 0:00,,,,
2018,Qtr 2,May,22,7,,,,5/22/2018 0:00,,,,
2018,Qtr 2,May,23,5,,,,5/23/2018 0:00,,,,
2018,Qtr 2,May,25,6,,,,5/25/2018 0:00,,,,
2018,Qtr 2,May,26,4,,,,5/26/2018 0:00,,,,
2018,Qtr 2,May,27,11,,,,5/27/2018 0:00,,,,
2018,Qtr 2,May,28,12,,,,5/28/2018 0:00,,,,
2018,Qtr 2,May,29,8,,,,5/29/2018 0:00,,,,
2018,Qtr 2,May,30,9,,,,5/30/2018 0:00,,,,
2018,Qtr 2,June,1,1,,,,6/1/2018 0:00,,,,
2018,Qtr 2,June,2,5,,,,6/2/2018 0:00,,,,
2018,Qtr 2,June,3,10,,,,6/3/2018 0:00,,,,
2018,Qtr 2,June,4,2,,,,6/4/2018 0:00,,,,
2018,Qtr 2,June,5,12,,,,6/5/2018 0:00,,,,
2018,Qtr 2,June,6,2,,,,6/6/2018 0:00,,,,
2018,Qtr 2,June,7,4,,,,6/7/2018 0:00,,,,
2018,Qtr 2,June,8,7,,,,6/8/2018 0:00,,,,
2018,Qtr 2,June,10,9,,,,6/10/2018 0:00,,,,
2018,Qtr 2,June,11,27,,,,6/11/2018 0:00,,,,
2018,Qtr 2,June,12,1,,,,6/12/2018 0:00,,,,
2018,Qtr 2,June,13,5,,,,6/13/2018 0:00,,,,
2018,Qtr 2,June,15,16,,,,6/15/2018 0:00,,,,
2018,Qtr 2,June,16,13,,,,6/16/2018 0:00,,,,
2018,Qtr 2,June,17,9,,,,6/17/2018 0:00,,,,
2018,Qtr 2,June,18,3,,,,6/18/2018 0:00,,,,
2018,Qtr 2,June,19,12,,,,6/19/2018 0:00,,,,
2018,Qtr 2,June,20,9,,,,6/20/2018 0:00,,,,
2018,Qtr 2,June,21,5,,,,6/21/2018 0:00,,,,
2018,Qtr 2,June,22,6,,,,6/22/2018 0:00,,,,
2018,Qtr 2,June,24,9,,,,6/24/2018 0:00,,,,
2018,Qtr 2,June,25,6,,,,6/25/2018 0:00,,,,
2018,Qtr 2,June,26,16,,,,6/26/2018 0:00,,,,
2018,Qtr 2,June,27,5,,,,6/27/2018 0:00,,,,
2018,Qtr 2,June,29,15,,,,6/29/2018 0:00,,,,
2018,Qtr 2,June,30,11,,,,6/30/2018 0:00,,,,
2018,Qtr 3,July,1,6,,,,7/1/2018 0:00,,,,
2018,Qtr 3,July,3,3,,,,7/3/2018 0:00,,,,
2018,Qtr 3,July,4,7,,,,7/4/2018 0:00,,,,
2018,Qtr 3,July,5,6,,,,7/5/2018 0:00,,,,
2018,Qtr 3,July,7,9,,,,7/7/2018 0:00,,,,
2018,Qtr 3,July,8,17,,,,7/8/2018 0:00,,,,
2018,Qtr 3,July,9,23,,,,7/9/2018 0:00,,,,
2018,Qtr 3,July,10,11,,,,7/10/2018 0:00,,,,
2018,Qtr 3,July,11,10,,,,7/11/2018 0:00,,,,
2018,Qtr 3,July,12,9,,,,7/12/2018 0:00,,,,
2018,Qtr 3,July,13,4,,,,7/13/2018 0:00,,,,
2018,Qtr 3,July,14,13,,,,7/14/2018 0:00,,,,
2018,Qtr 3,July,15,10,,,,7/15/2018 0:00,,,,
2018,Qtr 3,July,16,2,,,,7/16/2018 0:00,,,,
2018,Qtr 3,July,17,9,,,,7/17/2018 0:00,,,,
2018,Qtr 3,July,18,8,,,,7/18/2018 0:00,,,,
2018,Qtr 3,July,20,12,,,,7/20/2018 0:00,,,,
2018,Qtr 3,July,21,22,,,,7/21/2018 0:00,,,,
2018,Qtr 3,July,22,2,,,,7/22/2018 0:00,,,,
2018,Qtr 3,July,23,10,,,,7/23/2018 0:00,,,,
2018,Qtr 3,July,24,1,,,,7/24/2018 0:00,,,,
2018,Qtr 3,July,25,8,,,,7/25/2018 0:00,,,,
2018,Qtr 3,July,26,2,,,,7/26/2018 0:00,,,,
2018,Qtr 3,July,27,7,,,,7/27/2018 0:00,,,,
2018,Qtr 3,July,28,3,,,,7/28/2018 0:00,,,,
2018,Qtr 3,July,29,12,,,,7/29/2018 0:00,,,,
2018,Qtr 3,July,30,4,,,,7/30/2018 0:00,,,,
2018,Qtr 3,July,31,11,,,,7/31/2018 0:00,,,,
2018,Qtr 3,August,1,1,,,,8/1/2018 0:00,,,,
2018,Qtr 3,August,3,4,,,,8/3/2018 0:00,,,,
2018,Qtr 3,August,4,8,,,,8/4/2018 0:00,,,,
2018,Qtr 3,August,5,5,,,,8/5/2018 0:00,,,,
2018,Qtr 3,August,6,11,,,,8/6/2018 0:00,,,,
2018,Qtr 3,August,7,19,,,,8/7/2018 0:00,,,,
2018,Qtr 3,August,9,14,,,,8/9/2018 0:00,,,,
2018,Qtr 3,August,10,6,,,,8/10/2018 0:00,,,,
2018,Qtr 3,August,11,2,,,,8/11/2018 0:00,,,,
2018,Qtr 3,August,12,30,,,,8/12/2018 0:00,,,,
2018,Qtr 3,August,13,13,,,,8/13/2018 0:00,,,,
2018,Qtr 3,August,14,3,,,,8/14/2018 0:00,,,,
2018,Qtr 3,August,15,3,,,,8/15/2018 0:00,,,,
2018,Qtr 3,August,16,2,,,,8/16/2018 0:00,,,,
2018,Qtr 3,August,17,17,,,,8/17/2018 0:00,,,,
2018,Qtr 3,August,18,17,,,,8/18/2018 0:00,,,,
2018,Qtr 3,August,19,4,,,,8/19/2018 0:00,,,,
2018,Qtr 3,August,20,7,,,,8/20/2018 0:00,,,,
2018,Qtr 3,August,21,20,,,,8/21/2018 0:00,,,,
2018,Qtr 3,August,22,2,,,,8/22/2018 0:00,,,,
2018,Qtr 3,August,23,5,,,,8/23/2018 0:00,,,,
2018,Qtr 3,August,24,4,,,,8/24/2018 0:00,,,,
2018,Qtr 3,August,25,5,,,,8/25/2018 0:00,,,,
2018,Qtr 3,August,26,3,,,,8/26/2018 0:00,,,,
2018,Qtr 3,August,27,19,,,,8/27/2018 0:00,,,,
2018,Qtr 3,August,28,8,,,,8/28/2018 0:00,,,,
2018,Qtr 3,August,29,5,,,,8/29/2018 0:00,,,,
2018,Qtr 3,August,31,11,,,,8/31/2018 0:00,,,,
2018,Qtr 3,September,1,1,,,,9/1/2018 0:00,,,,
2018,Qtr 3,September,2,6,,,,9/2/2018 0:00,,,,
2018,Qtr 3,September,3,3,,,,9/3/2018 0:00,,,,
2018,Qtr 3,September,4,12,,,,9/4/2018 0:00,,,,
2018,Qtr 3,September,5,7,,,,9/5/2018 0:00,,,,
2018,Qtr 3,September,6,5,,,,9/6/2018 0:00,,,,
2018,Qtr 3,September,7,9,,,,9/7/2018 0:00,,,,
2018,Qtr 3,September,9,29,,,,9/9/2018 0:00,,,,
2018,Qtr 3,September,10,11,,,,9/10/2018 0:00,,,,
2018,Qtr 3,September,11,12,,,,9/11/2018 0:00,,,,
2018,Qtr 3,September,12,33,,,,9/12/2018 0:00,,,,
2018,Qtr 3,September,13,1,,,,9/13/2018 0:00,,,,
2018,Qtr 3,September,14,17,,,,9/14/2018 0:00,,,,
2018,Qtr 3,September,15,26,,,,9/15/2018 0:00,,,,
2018,Qtr 3,September,16,12,,,,9/16/2018 0:00,,,,
2018,Qtr 3,September,17,17,,,,9/17/2018 0:00,,,,
2018,Qtr 3,September,18,20,,,,9/18/2018 0:00,,,,
2018,Qtr 3,September,19,15,,,,9/19/2018 0:00,,,,
2018,Qtr 3,September,20,14,,,,9/20/2018 0:00,,,,
2018,Qtr 3,September,21,8,,,,9/21/2018 0:00,,,,
2018,Qtr 3,September,22,22,,,,9/22/2018 0:00,,,,
2018,Qtr 3,September,23,20,,,,9/23/2018 0:00,,,,
2018,Qtr 3,September,24,25,,,,9/24/2018 0:00,,,,
2018,Qtr 3,September,25,13,,,,9/25/2018 0:00,,,,
2018,Qtr 3,September,26,7,,,,9/26/2018 0:00,,,,
2018,Qtr 3,September,28,10,,,,9/28/2018 0:00,,,,
2018,Qtr 3,September,29,20,,,,9/29/2018 0:00,,,,
2018,Qtr 3,September,30,7,,,,9/30/2018 0:00,,,,
2018,Qtr 4,October,2,2,,,,10/2/2018 0:00,,,,
2018,Qtr 4,October,3,9,,,,10/3/2018 0:00,,,,
2018,Qtr 4,October,4,10,,,,10/4/2018 0:00,,,,
2018,Qtr 4,October,6,13,,,,10/6/2018 0:00,,,,
2018,Qtr 4,October,7,3,,,,10/7/2018 0:00,,,,
2018,Qtr 4,October,8,4,,,,10/8/2018 0:00,,,,
2018,Qtr 4,October,9,18,,,,10/9/2018 0:00,,,,
2018,Qtr 4,October,10,1,,,,10/10/2018 0:00,,,,
2018,Qtr 4,October,11,15,,,,10/11/2018 0:00,,,,
2018,Qtr 4,October,12,21,,,,10/12/2018 0:00,,,,
2018,Qtr 4,October,13,15,,,,10/13/2018 0:00,,,,
2018,Qtr 4,October,14,5,,,,10/14/2018 0:00,,,,
2018,Qtr 4,October,15,8,,,,10/15/2018 0:00,,,,
2018,Qtr 4,October,16,6,,,,10/16/2018 0:00,,,,
2018,Qtr 4,October,17,4,,,,10/17/2018 0:00,,,,
2018,Qtr 4,October,19,16,,,,10/19/2018 0:00,,,,
2018,Qtr 4,October,20,15,,,,10/20/2018 0:00,,,,
2018,Qtr 4,October,21,18,,,,10/21/2018 0:00,,,,
2018,Qtr 4,October,22,12,,,,10/22/2018 0:00,,,,
2018,Qtr 4,October,23,18,,,,10/23/2018 0:00,,,,
2018,Qtr 4,October,24,2,,,,10/24/2018 0:00,,,,
2018,Qtr 4,October,26,10,,,,10/26/2018 0:00,,,,
2018,Qtr 4,October,27,12,,,,10/27/2018 0:00,,,,
2018,Qtr 4,October,28,8,,,,10/28/2018 0:00,,,,
2018,Qtr 4,October,29,1,,,,10/29/2018 0:00,,,,
2018,Qtr 4,October,30,23,,,,10/30/2018 0:00,,,,
2018,Qtr 4,October,31,3,,,,10/31/2018 0:00,,,,
2018,Qtr 4,November,2,5,,,,11/2/2018 0:00,,,,
2018,Qtr 4,November,3,7,,,,11/3/2018 0:00,,,,
2018,Qtr 4,November,4,7,,,,11/4/2018 0:00,,,,
2018,Qtr 4,November,5,9,,,,11/5/2018 0:00,,,,
2018,Qtr 4,November,6,14,,,,11/6/2018 0:00,,,,
2018,Qtr 4,November,7,7,,,,11/7/2018 0:00,,,,
2018,Qtr 4,November,8,6,,,,11/8/2018 0:00,,,,
2018,Qtr 4,November,9,22,,,,11/9/2018 0:00,,,,
2018,Qtr 4,November,11,15,,,,11/11/2018 0:00,,,,
2018,Qtr 4,November,12,19,,,,11/12/2018 0:00,,,,
2018,Qtr 4,November,13,22,,,,11/13/2018 0:00,,,,
2018,Qtr 4,November,14,10,,,,11/14/2018 0:00,,,,
2018,Qtr 4,November,15,2,,,,11/15/2018 0:00,,,,
2018,Qtr 4,November,16,18,,,,11/16/2018 0:00,,,,
2018,Qtr 4,November,17,14,,,,11/17/2018 0:00,,,,
2018,Qtr 4,November,18,21,,,,11/18/2018 0:00,,,,
2018,Qtr 4,November,19,26,,,,11/19/2018 0:00,,,,
2018,Qtr 4,November,20,17,,,,11/20/2018 0:00,,,,
2018,Qtr 4,November,21,15,,,,11/21/2018 0:00,,,,
2018,Qtr 4,November,22,1,,,,11/22/2018 0:00,,,,
2018,Qtr 4,November,23,17,,,,11/23/2018 0:00,,,,
2018,Qtr 4,November,24,24,,,,11/24/2018 0:00,,,,
2018,Qtr 4,November,25,13,,,,11/25/2018 0:00,,,,
2018,Qtr 4,November,26,16,,,,11/26/2018 0:00,,,,
2018,Qtr 4,November,27,13,,,,11/27/2018 0:00,,,,
2018,Qtr 4,November,28,12,,,,11/28/2018 0:00,,,,
2018,Qtr 4,November,29,2,,,,11/29/2018 0:00,,,,
2018,Qtr 4,November,30,15,,,,11/30/2018 0:00,,,,
2018,Qtr 4,December,1,4,,,,12/1/2018 0:00,,,,
2018,Qtr 4,December,3,3,,,,12/3/2018 0:00,,,,
2018,Qtr 4,December,4,2,,,,12/4/2018 0:00,,,,
2018,Qtr 4,December,5,13,,,,12/5/2018 0:00,,,,
2018,Qtr 4,December,6,11,,,,12/6/2018 0:00,,,,
2018,Qtr 4,December,7,1,,,,12/7/2018 0:00,,,,
2018,Qtr 4,December,8,12,,,,12/8/2018 0:00,,,,
2018,Qtr 4,December,9,7,,,,12/9/2018 0:00,,,,
2018,Qtr 4,December,10,17,,,,12/10/2018 0:00,,,,
2018,Qtr 4,December,11,30,,,,12/11/2018 0:00,,,,
2018,Qtr 4,December,13,6,,,,12/13/2018 0:00,,,,
2018,Qtr 4,December,14,18,,,,12/14/2018 0:00,,,,
2018,Qtr 4,December,15,5,,,,12/15/2018 0:00,,,,
2018,Qtr 4,December,16,13,,,,12/16/2018 0:00,,,,
2018,Qtr 4,December,17,13,,,,12/17/2018 0:00,,,,
2018,Qtr 4,December,18,20,,,,12/18/2018 0:00,,,,
2018,Qtr 4,December,19,5,,,,12/19/2018 0:00,,,,
2018,Qtr 4,December,20,5,,,,12/20/2018 0:00,,,,
2018,Qtr 4,December,21,11,,,,12/21/2018 0:00,,,,
2018,Qtr 4,December,22,27,,,,12/22/2018 0:00,,,,
2018,Qtr 4,December,23,15,,,,12/23/2018 0:00,,,,
2018,Qtr 4,December,24,16,,,,12/24/2018 0:00,,,,
2018,Qtr 4,December,25,23,,,,12/25/2018 0:00,,,,
2018,Qtr 4,December,26,4,,,,12/26/2018 0:00,,,,
2018,Qtr 4,December,27,2,,,,12/27/2018 0:00,,,,
2018,Qtr 4,December,28,19,,,,12/28/2018 0:00,,,,
2018,Qtr 4,December,29,12,,,,12/29/2018 0:00,,,,
2018,Qtr 4,December,30,7,7,7,7,12/30/2018 0:00,,,2019,2018
,,,,,11,23,'-1,12/31/2018 0:00,,,4837,3258
,,,,,11,23,'-1,1/1/2019 0:00,,%,48.47%,
,,,,,11,23,'-1,1/2/2019 0:00,,,,
,,,,,12,24,0,1/3/2019 0:00,,,,
,,,,,16,28,4,1/4/2019 0:00,,,,
,,,,,17,29,5,1/5/2019 0:00,,,,
,,,,,15,27,3,1/6/2019 0:00,,,,
,,,,,19,31,6,1/7/2019 0:00,,,,
,,,,,13,26,1,1/8/2019 0:00,,,,
,,,,,16,29,4,1/9/2019 0:00,,,,
,,,,,18,31,6,1/10/2019 0:00,,,,
,,,,,13,26,1,1/11/2019 0:00,,,,
,,,,,13,26,0,1/12/2019 0:00,,,,
,,,,,15,27,2,1/13/2019 0:00,,,,
,,,,,12,24,'-1,1/14/2019 0:00,,,,
,,,,,14,27,1,1/15/2019 0:00,,,,
,,,,,14,27,1,1/16/2019 0:00,,,,
,,,,,15,28,2,1/17/2019 0:00,,,,
,,,,,14,27,1,1/18/2019 0:00,,,,
,,,,,12,25,'-1,1/19/2019 0:00,,,,
,,,,,13,26,0,1/20/2019 0:00,,,,
,,,,,13,26,0,1/21/2019 0:00,,,,
,,,,,13,26,'-1,1/22/2019 0:00,,,,
,,,,,11,24,'-2,1/23/2019 0:00,,,,
,,,,,12,25,'-1,1/24/2019 0:00,,,,
,,,,,12,25,'-1,1/25/2019 0:00,,,,
,,,,,10,24,'-3,1/26/2019 0:00,,,,
,,,,,12,25,'-2,1/27/2019 0:00,,,,
,,,,,11,25,'-2,1/28/2019 0:00,,,,
,,,,,10,24,'-3,1/29/2019 0:00,,,,
,,,,,11,24,'-3,1/30/2019 0:00,,,,
,,,,,11,25,'-2,1/31/2019 0:00,,,,
,,,,,11,25,'-2,2/1/2019 0:00,,,,
,,,,,12,26,'-2,2/2/2019 0:00,,,,
,,,,,16,30,2,2/3/2019 0:00,,,,
,,,,,17,31,3,2/4/2019 0:00,,,,
,,,,,15,29,1,2/5/2019 0:00,,,,
,,,,,19,33,5,2/6/2019 0:00,,,,
,,,,,13,27,'-1,2/7/2019 0:00,,,,
,,,,,16,30,2,2/8/2019 0:00,,,,
,,,,,18,32,4,2/9/2019 0:00,,,,
,,,,,13,27,'-1,2/10/2019 0:00,,,,
,,,,,13,27,'-1,2/11/2019 0:00,,,,
,,,,,15,29,0,2/12/2019 0:00,,,,
,,,,,12,26,'-3,2/13/2019 0:00,,,,
,,,,,14,28,0,2/14/2019 0:00,,,,
,,,,,14,28,'-1,2/15/2019 0:00,,,,
,,,,,15,29,0,2/16/2019 0:00,,,,
,,,,,14,28,'-1,2/17/2019 0:00,,,,
,,,,,12,27,'-3,2/18/2019 0:00,,,,
,,,,,13,27,'-2,2/19/2019 0:00,,,,
,,,,,13,27,'-2,2/20/2019 0:00,,,,
,,,,,13,27,'-2,2/21/2019 0:00,,,,
,,,,,11,26,'-4,2/22/2019 0:00,,,,
,,,,,12,27,'-3,2/23/2019 0:00,,,,
,,,,,12,27,'-3,2/24/2019 0:00,,,,
,,,,,10,25,'-5,2/25/2019 0:00,,,,
,,,,,12,27,'-3,2/26/2019 0:00,,,,
,,,,,11,26,'-4,2/27/2019 0:00,,,,
,,,,,10,25,'-5,2/28/2019 0:00,,,,
,,,,,11,26,'-5,3/1/2019 0:00,,,,
,,,,,11,27,'-4,3/2/2019 0:00,,,,
,,,,,11,27,'-4,3/3/2019 0:00,,,,
,,,,,12,28,'-3,3/4/2019 0:00,,,,
,,,,,16,32,1,3/5/2019 0:00,,,,
,,,,,17,32,2,3/6/2019 0:00,,,,
,,,,,15,31,0,3/7/2019 0:00,,,,
,,,,,19,34,3,3/8/2019 0:00,,,,
,,,,,13,29,'-2,3/9/2019 0:00,,,,
,,,,,16,32,1,3/10/2019 0:00,,,,
,,,,,18,34,2,3/11/2019 0:00,,,,
,,,,,13,29,'-2,3/12/2019 0:00,,,,
,,,,,13,29,'-3,3/13/2019 0:00,,,,
,,,,,15,31,'-1,3/14/2019 0:00,,,,
,,,,,12,28,'-4,3/15/2019 0:00,,,,
,,,,,14,30,'-2,3/16/2019 0:00,,,,
,,,,,14,30,'-2,3/17/2019 0:00,,,,
,,,,,15,31,'-1,3/18/2019 0:00,,,,
,,,,,14,30,'-2,3/19/2019 0:00,,,,
,,,,,12,28,'-4,3/20/2019 0:00,,,,
,,,,,13,29,'-3,3/21/2019 0:00,,,,
,,,,,13,29,'-3,3/22/2019 0:00,,,,
,,,,,13,29,'-4,3/23/2019 0:00,,,,
,,,,,11,27,'-5,3/24/2019 0:00,,,,
,,,,,12,28,'-4,3/25/2019 0:00,,,,
,,,,,12,28,'-4,3/26/2019 0:00,,,,
,,,,,10,27,'-6,3/27/2019 0:00,,,,
,,,,,12,28,'-5,3/28/2019 0:00,,,,
,,,,,11,28,'-5,3/29/2019 0:00,,,,
,,,,,10,27,'-6,3/30/2019 0:00,,,,
,,,,,11,27,'-6,3/31/2019 0:00,,,,
,,,,,11,28,'-5,4/1/2019 0:00,,,,
,,,,,11,28,'-5,4/2/2019 0:00,,,,
,,,,,12,29,'-5,4/3/2019 0:00,,,,
,,,,,16,33,'-1,4/4/2019 0:00,,,,
,,,,,17,34,0,4/5/2019 0:00,,,,
,,,,,15,32,'-2,4/6/2019 0:00,,,,
,,,,,19,36,2,4/7/2019 0:00,,,,
,,,,,13,30,'-4,4/8/2019 0:00,,,,
,,,,,16,33,'-1,4/9/2019 0:00,,,,
,,,,,18,35,1,4/10/2019 0:00,,,,
,,,,,13,30,'-4,4/11/2019 0:00,,,,
,,,,,13,30,'-4,4/12/2019 0:00,,,,
,,,,,15,32,'-2,4/13/2019 0:00,,,,
,,,,,12,29,'-6,4/14/2019 0:00,,,,
,,,,,14,31,'-3,4/15/2019 0:00,,,,
,,,,,14,31,'-4,4/16/2019 0:00,,,,
,,,,,15,32,'-2,4/17/2019 0:00,,,,
,,,,,14,31,'-3,4/18/2019 0:00,,,,
,,,,,12,29,'-5,4/19/2019 0:00,,,,
,,,,,13,30,'-5,4/20/2019 0:00,,,,
,,,,,13,30,'-5,4/21/2019 0:00,,,,
,,,,,13,30,'-5,4/22/2019 0:00,,,,
,,,,,11,29,'-6,4/23/2019 0:00,,,,
,,,,,12,29,'-6,4/24/2019 0:00,,,,
,,,,,12,30,'-5,4/25/2019 0:00,,,,
,,,,,10,28,'-7,4/26/2019 0:00,,,,
,,,,,12,29,'-6,4/27/2019 0:00,,,,
,,,,,11,29,'-6,4/28/2019 0:00,,,,
,,,,,10,28,'-8,4/29/2019 0:00,,,,
,,,,,11,28,'-7,4/30/2019 0:00,,,,
,,,,,11,29,'-7,5/1/2019 0:00,,,,
,,,,,11,29,'-7,5/2/2019 0:00,,,,
,,,,,12,30,'-6,5/3/2019 0:00,,,,
,,,,,16,34,'-2,5/4/2019 0:00,,,,
,,,,,17,35,'-1,5/5/2019 0:00,,,,
,,,,,15,33,'-3,5/6/2019 0:00,,,,
,,,,,19,37,1,5/7/2019 0:00,,,,
,,,,,13,31,'-5,5/8/2019 0:00,,,,
,,,,,16,35,'-2,5/9/2019 0:00,,,,
,,,,,18,36,0,5/10/2019 0:00,,,,
,,,,,13,32,'-5,5/11/2019 0:00,,,,
,,,,,13,31,'-5,5/12/2019 0:00,,,,
,,,,,15,33,'-4,5/13/2019 0:00,,,,
,,,,,12,30,'-7,5/14/2019 0:00,,,,
,,,,,14,32,'-5,5/15/2019 0:00,,,,
,,,,,14,32,'-5,5/16/2019 0:00,,,,
,,,,,15,34,'-4,5/17/2019 0:00,,,,
,,,,,14,32,'-5,5/18/2019 0:00,,,,
,,,,,12,31,'-7,5/19/2019 0:00,,,,
,,,,,13,31,'-6,5/20/2019 0:00,,,,
,,,,,13,31,'-6,5/21/2019 0:00,,,,
,,,,,13,31,'-6,5/22/2019 0:00,,,,
,,,,,11,30,'-8,5/23/2019 0:00,,,,
,,,,,12,31,'-7,5/24/2019 0:00,,,,
,,,,,12,31,'-7,5/25/2019 0:00,,,,
,,,,,10,29,'-9,5/26/2019 0:00,,,,
,,,,,12,31,'-7,5/27/2019 0:00,,,,
,,,,,11,30,'-8,5/28/2019 0:00,,,,
,,,,,10,29,'-9,5/29/2019 0:00,,,,
,,,,,11,30,'-9,5/30/2019 0:00,,,,
,,,,,11,31,'-8,5/31/2019 0:00,,,,
,,,,,11,31,'-8,6/1/2019 0:00,,,,
,,,,,12,31,'-7,6/2/2019 0:00,,,,
,,,,,16,35,'-3,6/3/2019 0:00,,,,
,,,,,17,36,'-2,6/4/2019 0:00,,,,
,,,,,15,35,'-4,6/5/2019 0:00,,,,
,,,,,19,38,'-1,6/6/2019 0:00,,,,
,,,,,13,33,'-6,6/7/2019 0:00,,,,
,,,,,16,36,'-3,6/8/2019 0:00,,,,
,,,,,18,38,'-1,6/9/2019 0:00,,,,
,,,,,13,33,'-6,6/10/2019 0:00,,,,
,,,,,13,33,'-6,6/11/2019 0:00,,,,
,,,,,15,34,'-5,6/12/2019 0:00,,,,
,,,,,12,31,'-8,6/13/2019 0:00,,,,
,,,,,14,34,'-6,6/14/2019 0:00,,,,
,,,,,14,33,'-6,6/15/2019 0:00,,,,
,,,,,15,35,'-5,6/16/2019 0:00,,,,
,,,,,14,34,'-6,6/17/2019 0:00,,,,
,,,,,12,32,'-8,6/18/2019 0:00,,,,
,,,,,13,32,'-7,6/19/2019 0:00,,,,
,,,,,13,33,'-7,6/20/2019 0:00,,,,
,,,,,13,32,'-7,6/21/2019 0:00,,,,
,,,,,11,31,'-9,6/22/2019 0:00,,,,
,,,,,12,32,'-8,6/23/2019 0:00,,,,
,,,,,12,32,'-8,6/24/2019 0:00,,,,
,,,,,10,30,'-10,6/25/2019 0:00,,,,
,,,,,12,32,'-8,6/26/2019 0:00,,,,
,,,,,11,31,'-9,6/27/2019 0:00,,,,
,,,,,10,30,'-10,6/28/2019 0:00,,,,
,,,,,11,31,'-10,6/29/2019 0:00,,,,
,,,,,11,32,'-9,6/30/2019 0:00,,,,
,,,,,11,32,'-9,7/1/2019 0:00,,,,
,,,,,12,33,'-8,7/2/2019 0:00,,,,
,,,,,16,36,'-4,7/3/2019 0:00,,,,
,,,,,17,37,'-3,7/4/2019 0:00,,,,
,,,,,15,36,'-5,7/5/2019 0:00,,,,
,,,,,19,39,'-2,7/6/2019 0:00,,,,
,,,,,13,34,'-7,7/7/2019 0:00,,,,
,,,,,16,37,'-4,7/8/2019 0:00,,,,
,,,,,18,39,'-2,7/9/2019 0:00,,,,
,,,,,13,34,'-7,7/10/2019 0:00,,,,
,,,,,13,34,'-8,7/11/2019 0:00,,,,
,,,,,15,35,'-6,7/12/2019 0:00,,,,
,,,,,12,32,'-9,7/13/2019 0:00,,,,
,,,,,14,35,'-7,7/14/2019 0:00,,,,
,,,,,14,34,'-7,7/15/2019 0:00,,,,
,,,,,15,36,'-6,7/16/2019 0:00,,,,
,,,,,14,35,'-7,7/17/2019 0:00,,,,
,,,,,12,33,'-9,7/18/2019 0:00,,,,
,,,,,13,33,'-8,7/19/2019 0:00,,,,
,,,,,13,34,'-8,7/20/2019 0:00,,,,
,,,,,13,33,'-8,7/21/2019 0:00,,,,
,,,,,11,32,'-10,7/22/2019 0:00,,,,
,,,,,12,33,'-9,7/23/2019 0:00,,,,
,,,,,12,33,'-9,7/24/2019 0:00,,,,
,,,,,10,31,'-11,7/25/2019 0:00,,,,
,,,,,12,33,'-9,7/26/2019 0:00,,,,
,,,,,11,32,'-10,7/27/2019 0:00,,,,
,,,,,10,31,'-11,7/28/2019 0:00,,,,
,,,,,11,32,'-11,7/29/2019 0:00,,,,
,,,,,11,33,'-10,7/30/2019 0:00,,,,
,,,,,11,33,'-10,7/31/2019 0:00,,,,
,,,,,12,34,'-9,8/1/2019 0:00,,,,
,,,,,16,38,'-5,8/2/2019 0:00,,,,
,,,,,17,38,'-4,8/3/2019 0:00,,,,
,,,,,15,37,'-6,8/4/2019 0:00,,,,
,,,,,19,40,'-3,8/5/2019 0:00,,,,
,,,,,13,35,'-8,8/6/2019 0:00,,,,
,,,,,16,38,'-5,8/7/2019 0:00,,,,
,,,,,18,40,'-4,8/8/2019 0:00,,,,
,,,,,13,35,'-8,8/9/2019 0:00,,,,
,,,,,13,35,'-9,8/10/2019 0:00,,,,
,,,,,15,36,'-7,8/11/2019 0:00,,,,
,,,,,12,33,'-10,8/12/2019 0:00,,,,
,,,,,14,36,'-8,8/13/2019 0:00,,,,
,,,,,14,35,'-8,8/14/2019 0:00,,,,
,,,,,15,37,'-7,8/15/2019 0:00,,,,
,,,,,14,36,'-8,8/16/2019 0:00,,,,
,,,,,12,34,'-10,8/17/2019 0:00,,,,
,,,,,13,35,'-9,8/18/2019 0:00,,,,
,,,,,13,35,'-9,8/19/2019 0:00,,,,
,,,,,13,35,'-9,8/20/2019 0:00,,,,
,,,,,11,33,'-11,8/21/2019 0:00,,,,
,,,,,12,34,'-10,8/22/2019 0:00,,,,
,,,,,12,34,'-10,8/23/2019 0:00,,,,
,,,,,10,32,'-12,8/24/2019 0:00,,,,
,,,,,12,34,'-10,8/25/2019 0:00,,,,
,,,,,11,33,'-11,8/26/2019 0:00,,,,
,,,,,10,32,'-12,8/27/2019 0:00,,,,
,,,,,11,33,'-12,8/28/2019 0:00,,,,
,,,,,11,34,'-11,8/29/2019 0:00,,,,
,,,,,11,34,'-11,8/30/2019 0:00,,,,
,,,,,12,35,'-10,8/31/2019 0:00,,,,
,,,,,16,39,'-6,9/1/2019 0:00,,,,
,,,,,17,39,'-5,9/2/2019 0:00,,,,
,,,,,15,38,'-7,9/3/2019 0:00,,,,
,,,,,19,41,'-4,9/4/2019 0:00,,,,
,,,,,13,36,'-9,9/5/2019 0:00,,,,
,,,,,16,39,'-6,9/6/2019 0:00,,,,
,,,,,18,41,'-4,9/7/2019 0:00,,,,
,,,,,13,36,'-9,9/8/2019 0:00,,,,
,,,,,13,36,'-10,9/9/2019 0:00,,,,
,,,,,15,37,'-8,9/10/2019 0:00,,,,
,,,,,12,34,'-11,9/11/2019 0:00,,,,
,,,,,14,37,'-9,9/12/2019 0:00,,,,
,,,,,14,36,'-9,9/13/2019 0:00,,,,
,,,,,15,38,'-8,9/14/2019 0:00,,,,
,,,,,14,37,'-9,9/15/2019 0:00,,,,
,,,,,12,35,'-11,9/16/2019 0:00,,,,
,,,,,13,35,'-10,9/17/2019 0:00,,,,
,,,,,13,36,'-10,9/18/2019 0:00,,,,
,,,,,13,35,'-10,9/19/2019 0:00,,,,
,,,,,11,34,'-12,9/20/2019 0:00,,,,
,,,,,12,35,'-11,9/21/2019 0:00,,,,
,,,,,12,35,'-11,9/22/2019 0:00,,,,
,,,,,10,33,'-13,9/23/2019 0:00,,,,
,,,,,12,35,'-11,9/24/2019 0:00,,,,
,,,,,11,34,'-12,9/25/2019 0:00,,,,
,,,,,10,33,'-13,9/26/2019 0:00,,,,
,,,,,11,34,'-13,9/27/2019 0:00,,,,
,,,,,11,35,'-12,9/28/2019 0:00,,,,
,,,,,11,35,'-12,9/29/2019 0:00,,,,
,,,,,12,36,'-11,9/30/2019 0:00,,,,
,,,,,16,40,'-7,10/1/2019 0:00,,,,
,,,,,17,40,'-6,10/2/2019 0:00,,,,
,,,,,15,39,'-8,10/3/2019 0:00,,,,
,,,,,19,42,'-5,10/4/2019 0:00,,,,
,,,,,13,37,'-10,10/5/2019 0:00,,,,
,,,,,16,40,'-7,10/6/2019 0:00,,,,
,,,,,18,42,'-5,10/7/2019 0:00,,,,
,,,,,13,37,'-10,10/8/2019 0:00,,,,
,,,,,13,37,'-11,10/9/2019 0:00,,,,
,,,,,15,38,'-9,10/10/2019 0:00,,,,
,,,,,12,35,'-12,10/11/2019 0:00,,,,
,,,,,14,38,'-10,10/12/2019 0:00,,,,
,,,,,14,37,'-10,10/13/2019 0:00,,,,
,,,,,15,39,'-9,10/14/2019 0:00,,,,
,,,,,14,38,'-10,10/15/2019 0:00,,,,
,,,,,12,36,'-12,10/16/2019 0:00,,,,
,,,,,13,36,'-11,10/17/2019 0:00,,,,
,,,,,13,37,'-11,10/18/2019 0:00,,,,
,,,,,13,36,'-11,10/19/2019 0:00,,,,
,,,,,11,35,'-13,10/20/2019 0:00,,,,
,,,,,12,36,'-12,10/21/2019 0:00,,,,
,,,,,12,36,'-12,10/22/2019 0:00,,,,
,,,,,10,34,'-14,10/23/2019 0:00,,,,
,,,,,12,36,'-12,10/24/2019 0:00,,,,
,,,,,11,35,'-13,10/25/2019 0:00,,,,
,,,,,10,34,'-14,10/26/2019 0:00,,,,
,,,,,11,35,'-14,10/27/2019 0:00,,,,
,,,,,11,36,'-13,10/28/2019 0:00,,,,
,,,,,11,36,'-13,10/29/2019 0:00,,,,
,,,,,12,37,'-12,10/30/2019 0:00,,,,
,,,,,16,40,'-8,10/31/2019 0:00,,,,
,,,,,17,41,'-7,11/1/2019 0:00,,,,
,,,,,15,40,'-9,11/2/2019 0:00,,,,
,,,,,19,43,'-6,11/3/2019 0:00,,,,
,,,,,13,38,'-11,11/4/2019 0:00,,,,
,,,,,16,41,'-8,11/5/2019 0:00,,,,
,,,,,18,43,'-6,11/6/2019 0:00,,,,
,,,,,13,38,'-11,11/7/2019 0:00,,,,
,,,,,13,38,'-11,11/8/2019 0:00,,,,
,,,,,15,39,'-10,11/9/2019 0:00,,,,
,,,,,12,36,'-13,11/10/2019 0:00,,,,
,,,,,14,39,'-11,11/11/2019 0:00,,,,
,,,,,14,38,'-11,11/12/2019 0:00,,,,
,,,,,15,40,'-10,11/13/2019 0:00,,,,
,,,,,14,39,'-11,11/14/2019 0:00,,,,
,,,,,12,37,'-13,11/15/2019 0:00,,,,
,,,,,13,37,'-12,11/16/2019 0:00,,,,
,,,,,13,37,'-12,11/17/2019 0:00,,,,
,,,,,13,37,'-12,11/18/2019 0:00,,,,
,,,,,11,36,'-14,11/19/2019 0:00,,,,
,,,,,12,37,'-13,11/20/2019 0:00,,,,
,,,,,12,37,'-13,11/21/2019 0:00,,,,
,,,,,10,35,'-15,11/22/2019 0:00,,,,
,,,,,12,37,'-13,11/23/2019 0:00,,,,
,,,,,11,36,'-14,11/24/2019 0:00,,,,
,,,,,10,35,'-15,11/25/2019 0:00,,,,
,,,,,11,36,'-15,11/26/2019 0:00,,,,
,,,,,11,37,'-14,11/27/2019 0:00,,,,
,,,,,11,37,'-14,11/28/2019 0:00,,,,
,,,,,12,37,'-13,11/29/2019 0:00,,,,
,,,,,16,41,'-9,11/30/2019 0:00,,,,
,,,,,17,42,'-8,12/1/2019 0:00,,,,
,,,,,15,40,'-10,12/2/2019 0:00,,,,
,,,,,19,44,'-7,12/3/2019 0:00,,,,
,,,,,13,38,'-12,12/4/2019 0:00,,,,
,,,,,16,42,'-9,12/5/2019 0:00,,,,
,,,,,18,43,'-7,12/6/2019 0:00,,,,
,,,,,13,39,'-12,12/7/2019 0:00,,,,
,,,,,13,38,'-12,12/8/2019 0:00,,,,
,,,,,15,40,'-11,12/9/2019 0:00,,,,
,,,,,12,37,'-14,12/10/2019 0:00,,,,
,,,,,14,39,'-12,12/11/2019 0:00,,,,
,,,,,14,39,'-12,12/12/2019 0:00,,,,
,,,,,15,41,'-11,12/13/2019 0:00,,,,
,,,,,14,39,'-12,12/14/2019 0:00,,,,
,,,,,12,38,'-14,12/15/2019 0:00,,,,
,,,,,13,38,'-13,12/16/2019 0:00,,,,
,,,,,13,38,'-13,12/17/2019 0:00,,,,
,,,,,13,38,'-13,12/18/2019 0:00,,,,
,,,,,11,37,'-15,12/19/2019 0:00,,,,
,,,,,12,38,'-14,12/20/2019 0:00,,,,
,,,,,12,38,'-14,12/21/2019 0:00,,,,
,,,,,10,36,'-15,12/22/2019 0:00,,,,
,,,,,12,37,'-14,12/23/2019 0:00,,,,
,,,,,11,37,'-14,12/24/2019 0:00,,,,
,,,,,10,36,'-16,12/25/2019 0:00,,,,
,,,,,11,37,'-15,12/26/2019 0:00,,,,
,,,,,11,37,'-15,12/27/2019 0:00,,,,
,,,,,11,37,'-15,12/28/2019 0:00,,,,
,,,,,12,38,'-14,12/29/2019 0:00,,,,
,,,,,16,42,'-10,12/30/2019 0:00,,,,
